REGION	POS	REF	ALT	REF_DP	REF_RV	REF_QUAL	ALT_DP	ALT_RV	ALT_QUAL	ALT_FREQ	TOTAL_DP	PVAL	PASS	GFF_FEATURE	REF_CODON	REF_AA	ALT_CODON	ALT_AA	POS_AA
NC_001498.1	698	A	C	0	0	0	59	59	40	1	59	8.21129e-35	TRUE	NA	NA	NA	NA	NA	NA
NC_001498.1	701	G	A	0	0	0	59	59	40	1	59	8.21129e-35	TRUE	NA	NA	NA	NA	NA	NA
NC_001498.1	719	G	A	0	0	0	59	59	39	1	59	8.21129e-35	TRUE	NA	NA	NA	NA	NA	NA
NC_001498.1	767	G	A	1	1	40	53	53	39	0.981481	54	4.34472e-30	TRUE	NA	NA	NA	NA	NA	NA
NC_001498.1	791	T	C	0	0	0	77	46	38	1	77	1.36438e-45	TRUE	NA	NA	NA	NA	NA	NA
NC_001498.1	792	T	C	0	0	0	77	46	40	1	77	1.36438e-45	TRUE	NA	NA	NA	NA	NA	NA
NC_001498.1	809	G	C	0	0	0	58	5	42	1	58	3.25668e-34	TRUE	NA	NA	NA	NA	NA	NA
NC_001498.1	837	C	A	90	7	41	1	0	40	0.010989	91	0.502762	FALSE	NA	NA	NA	NA	NA	NA
NC_001498.1	842	G	A	0	0	0	93	7	43	1	93	3.49021e-55	TRUE	NA	NA	NA	NA	NA	NA
NC_001498.1	851	T	C	0	0	0	94	7	40	1	94	8.77217e-56	TRUE	NA	NA	NA	NA	NA	NA
NC_001498.1	879	G	A	105	10	45	1	0	24	0.00943396	106	0.753555	FALSE	NA	NA	NA	NA	NA	NA
NC_001498.1	910	G	T	110	16	49	1	1	32	0.00900901	111	0.502262	FALSE	NA	NA	NA	NA	NA	NA
NC_001498.1	910	G	+T	110	16	49	96	0	20	0.864865	111	1.91876e-21	TRUE	NA	NA	NA	NA	NA	NA
NC_001498.1	915	A	T	98	20	46	2	0	40	0.02	100	0.251256	FALSE	NA	NA	NA	NA	NA	NA
NC_001498.1	938	A	C	89	21	51	1	0	40	0.0111111	90	0.502793	FALSE	NA	NA	NA	NA	NA	NA
NC_001498.1	983	G	A	0	0	0	97	62	48	1	97	1.3923e-57	TRUE	NA	NA	NA	NA	NA	NA
NC_001498.1	990	A	G	102	65	47	1	0	40	0.00970874	103	0.502439	FALSE	NA	NA	NA	NA	NA	NA
NC_001498.1	1008	A	G	100	69	47	1	0	80	0.00990099	101	0.502488	FALSE	NA	NA	NA	NA	NA	NA
NC_001498.1	1028	A	G	0	0	0	101	73	46	1	101	5.54937e-60	TRUE	NA	NA	NA	NA	NA	NA
NC_001498.1	1031	A	G	0	0	0	101	73	45	1	101	5.54937e-60	TRUE	NA	NA	NA	NA	NA	NA
NC_001498.1	1043	C	T	0	0	0	97	71	47	1	97	1.3923e-57	TRUE	NA	NA	NA	NA	NA	NA
NC_001498.1	1055	A	G	0	0	0	101	86	45	1	101	5.54937e-60	TRUE	NA	NA	NA	NA	NA	NA
NC_001498.1	1079	C	T	0	0	0	98	82	49	1	98	3.49859e-58	TRUE	NA	NA	NA	NA	NA	NA
NC_001498.1	1103	C	T	0	0	0	88	76	46	1	88	3.47683e-52	TRUE	NA	NA	NA	NA	NA	NA
NC_001498.1	1109	C	T	0	0	0	76	66	47	1	76	5.42209e-45	TRUE	NA	NA	NA	NA	NA	NA
NC_001498.1	1151	A	C	462	72	40	1	0	40	0.00215983	463	0.500541	FALSE	NA	NA	NA	NA	NA	NA
NC_001498.1	1152	G	T	492	71	40	1	0	40	0.0020284	493	0.500508	FALSE	NA	NA	NA	NA	NA	NA
NC_001498.1	1153	G	T	498	72	40	1	0	40	0.00200401	499	0.500502	FALSE	NA	NA	NA	NA	NA	NA
NC_001498.1	1163	T	C	0	0	0	498	68	41	1	498	1.18155e-298	TRUE	NA	NA	NA	NA	NA	NA
NC_001498.1	1166	T	C	0	0	0	498	70	41	1	498	1.18155e-298	TRUE	NA	NA	NA	NA	NA	NA
NC_001498.1	1184	A	G	0	0	0	509	52	43	1	509	2.84797e-305	TRUE	NA	NA	NA	NA	NA	NA
NC_001498.1	1187	A	C	521	56	44	1	0	40	0.00191571	522	0.500479	FALSE	NA	NA	NA	NA	NA	NA
NC_001498.1	1196	A	G	0	0	0	583	60	44	1	583	0	TRUE	NA	NA	NA	NA	NA	NA
NC_001498.1	1199	A	C	583	64	45	1	0	40	0.00171233	584	0.500428	FALSE	NA	NA	NA	NA	NA	NA
NC_001498.1	1200	G	T	625	64	44	1	0	24	0.00159744	626	0.992361	FALSE	NA	NA	NA	NA	NA	NA
NC_001498.1	1206	G	T	635	56	42	1	1	24	0.00157233	636	0.992359	FALSE	NA	NA	NA	NA	NA	NA
NC_001498.1	1207	A	+G	644	65	44	1	0	20	0.0015528	644	0.992398	FALSE	NA	NA	NA	NA	NA	NA
NC_001498.1	1212	G	A	713	66	44	1	0	40	0.00140056	714	0.50035	FALSE	NA	NA	NA	NA	NA	NA
NC_001498.1	1214	G	A	0	0	0	711	70	44	1	711	0	TRUE	NA	NA	NA	NA	NA	NA
NC_001498.1	1237	G	A	782	92	47	1	1	40	0.00127714	783	0.500319	FALSE	NA	NA	NA	NA	NA	NA
NC_001498.1	1239	T	C	783	106	48	1	0	52	0.00127551	784	0.500319	FALSE	NA	NA	NA	NA	NA	NA
NC_001498.1	1242	A	G	785	105	48	1	0	40	0.00127226	786	0.500318	FALSE	NA	NA	NA	NA	NA	NA
NC_001498.1	1244	A	C	792	106	48	1	0	24	0.00126103	793	0.996182	FALSE	NA	NA	NA	NA	NA	NA
NC_001498.1	1253	C	T	0	0	0	792	107	48	1	792	0	TRUE	NA	NA	NA	NA	NA	NA
NC_001498.1	1255	A	C	794	107	48	1	0	40	0.00125786	795	0.500315	FALSE	NA	NA	NA	NA	NA	NA
NC_001498.1	1261	G	C	820	110	48	1	0	32	0.00121803	821	0.500305	FALSE	NA	NA	NA	NA	NA	NA
NC_001498.1	1267	C	A	659	147	40	4	0	32	0.00603318	663	0.0624053	FALSE	NA	NA	NA	NA	NA	NA
NC_001498.1	1271	C	T	0	0	0	692	212	47	0.998557	693	0	TRUE	NA	NA	NA	NA	NA	NA
NC_001498.1	1271	C	G	0	0	0	1	0	40	0.001443	693	0.001443	TRUE	NA	NA	NA	NA	NA	NA
NC_001498.1	1290	T	G	724	292	47	1	0	24	0.00137931	725	0.99619	FALSE	NA	NA	NA	NA	NA	NA
NC_001498.1	1294	A	G	719	305	46	1	1	24	0.00138696	721	0.996169	FALSE	NA	NA	NA	NA	NA	NA
NC_001498.1	1294	A	C	719	305	46	1	1	40	0.00138696	721	0.5	FALSE	NA	NA	NA	NA	NA	NA
NC_001498.1	1304	G	A	733	325	44	1	0	24	0.0013624	734	0.996189	FALSE	NA	NA	NA	NA	NA	NA
NC_001498.1	1307	T	C	752	342	46	1	0	40	0.00132802	753	0.500332	FALSE	NA	NA	NA	NA	NA	NA
NC_001498.1	1312	C	A	758	353	44	3	0	24	0.00394218	761	0.94612	FALSE	NA	NA	NA	NA	NA	NA
NC_001498.1	1313	T	G	765	340	46	1	0	40	0.00130548	766	0.500327	FALSE	NA	NA	NA	NA	NA	NA
NC_001498.1	1323	A	C	763	353	46	1	0	24	0.0013089	764	0.996185	FALSE	NA	NA	NA	NA	NA	NA
NC_001498.1	1327	G	A	752	350	46	1	0	24	0.00132802	753	0.996187	FALSE	NA	NA	NA	NA	NA	NA
NC_001498.1	1328	T	C	0	0	0	753	349	46	1	753	0	TRUE	NA	NA	NA	NA	NA	NA
NC_001498.1	1334	G	A	0	0	0	742	348	46	1	742	0	TRUE	NA	NA	NA	NA	NA	NA
NC_001498.1	1337	C	T	0	0	0	731	348	46	1	731	0	TRUE	NA	NA	NA	NA	NA	NA
NC_001498.1	1357	T	C	692	388	45	1	1	24	0.001443	693	0.992345	FALSE	NA	NA	NA	NA	NA	NA
NC_001498.1	1368	C	A	623	404	42	1	0	24	0.00160256	624	0.992362	FALSE	NA	NA	NA	NA	NA	NA
NC_001498.1	1387	A	G	0	0	0	576	366	43	1	576	0	TRUE	NA	NA	NA	NA	NA	NA
NC_001498.1	1394	A	G	0	0	0	519	337	43	1	519	2.74257e-311	TRUE	NA	NA	NA	NA	NA	NA
NC_001498.1	1397	A	G	0	0	0	519	337	42	1	519	2.74257e-311	TRUE	NA	NA	NA	NA	NA	NA
NC_001498.1	1398	G	A	0	0	0	518	337	43	1	518	1.09597e-310	TRUE	NA	NA	NA	NA	NA	NA
NC_001498.1	1405	G	T	508	335	42	1	1	24	0.00196464	509	0.984696	FALSE	NA	NA	NA	NA	NA	NA
NC_001498.1	1409	C	T	0	0	0	498	327	42	1	498	1.18155e-298	TRUE	NA	NA	NA	NA	NA	NA
NC_001498.1	1415	A	G	0	0	0	433	302	43	1	433	1.49968e-259	TRUE	NA	NA	NA	NA	NA	NA
NC_001498.1	1418	T	C	0	0	0	425	301	42	1	425	9.73713e-255	TRUE	NA	NA	NA	NA	NA	NA
NC_001498.1	1433	G	C	280	170	42	1	1	40	0.00355872	281	0.500891	FALSE	NA	NA	NA	NA	NA	NA
NC_001498.1	1434	G	A	0	0	0	210	128	42	1	210	1.89834e-125	TRUE	NA	NA	NA	NA	NA	NA
NC_001498.1	1435	G	A	0	0	0	210	128	41	1	210	1.89834e-125	TRUE	NA	NA	NA	NA	NA	NA
NC_001498.1	1436	T	C	0	0	0	209	128	40	1	209	7.5753e-125	TRUE	NA	NA	NA	NA	NA	NA
NC_001498.1	1439	G	A	0	0	0	210	128	42	1	210	1.89834e-125	TRUE	NA	NA	NA	NA	NA	NA
NC_001498.1	1449	A	C	0	0	0	210	128	41	1	210	1.89834e-125	TRUE	NA	NA	NA	NA	NA	NA
NC_001498.1	1458	T	C	0	0	0	176	112	40	1	176	5.12993e-105	TRUE	NA	NA	NA	NA	NA	NA
NC_001498.1	1471	G	A	0	0	0	87	57	40	1	87	1.38283e-51	TRUE	NA	NA	NA	NA	NA	NA
NC_001498.1	1473	T	C	0	0	0	79	58	39	1	79	8.63707e-47	TRUE	NA	NA	NA	NA	NA	NA
NC_001498.1	1475	C	T	0	0	0	79	58	39	1	79	8.63707e-47	TRUE	NA	NA	NA	NA	NA	NA
NC_001498.1	1492	C	T	0	0	0	47	41	39	1	47	1.23024e-27	TRUE	NA	NA	NA	NA	NA	NA
NC_001498.1	1776	A	C	0	0	0	3	0	40	1	3	0.1	FALSE	NA	NA	NA	NA	NA	NA
NC_001498.1	1778	C	T	0	0	0	3	0	40	1	3	0.1	FALSE	NA	NA	NA	NA	NA	NA
NC_001498.1	1798	C	T	0	0	0	4	1	50	1	4	0.0285714	FALSE	NA	NA	NA	NA	NA	NA
NC_001498.1	1799	T	C	0	0	0	4	1	50	1	4	0.0285714	FALSE	NA	NA	NA	NA	NA	NA
NC_001498.1	1815	A	G	0	0	0	4	1	46	1	4	0.0285714	FALSE	NA	NA	NA	NA	NA	NA
NC_001498.1	1866	G	A	0	0	0	6	1	53	1	6	0.0021645	TRUE	NA	NA	NA	NA	NA	NA
NC_001498.1	1882	T	C	0	0	0	6	1	53	1	6	0.0021645	TRUE	NA	NA	NA	NA	NA	NA
NC_001498.1	1891	G	A	0	0	0	6	1	53	1	6	0.0021645	TRUE	NA	NA	NA	NA	NA	NA
NC_001498.1	1907	C	A	0	0	0	4	1	53	1	4	0.0285714	FALSE	NA	NA	NA	NA	NA	NA
NC_001498.1	1941	G	C	0	0	0	5	1	48	1	5	0.00793651	TRUE	NA	NA	NA	NA	NA	NA
NC_001498.1	1944	C	G	0	0	0	5	1	48	1	5	0.00793651	TRUE	NA	NA	NA	NA	NA	NA
NC_001498.1	1948	G	T	0	0	0	6	2	53	1	6	0.0021645	TRUE	NA	NA	NA	NA	NA	NA
NC_001498.1	1960	G	A	0	0	0	6	2	53	1	6	0.0021645	TRUE	NA	NA	NA	NA	NA	NA
NC_001498.1	1966	G	A	0	0	0	7	3	45	1	7	0.000582751	TRUE	NA	NA	NA	NA	NA	NA
NC_001498.1	2026	G	A	0	0	0	8	5	48	1	8	0.0001554	TRUE	NA	NA	NA	NA	NA	NA
NC_001498.1	2061	A	G	0	0	0	7	4	57	1	7	0.000582751	TRUE	NA	NA	NA	NA	NA	NA
NC_001498.1	2089	A	G	0	0	0	7	6	45	1	7	0.000582751	TRUE	NA	NA	NA	NA	NA	NA
NC_001498.1	2090	T	C	0	0	0	7	6	45	1	7	0.000582751	TRUE	NA	NA	NA	NA	NA	NA
NC_001498.1	2098	A	G	0	0	0	5	4	48	1	5	0.00793651	TRUE	NA	NA	NA	NA	NA	NA
NC_001498.1	2119	A	G	0	0	0	5	5	40	1	5	0.00793651	TRUE	NA	NA	NA	NA	NA	NA
NC_001498.1	2131	T	C	0	0	0	4	4	40	1	4	0.0285714	FALSE	NA	NA	NA	NA	NA	NA
NC_001498.1	2137	C	T	0	0	0	4	4	40	1	4	0.0285714	FALSE	NA	NA	NA	NA	NA	NA
NC_001498.1	2164	G	A	0	0	0	2	2	40	1	2	0.333333	FALSE	NA	NA	NA	NA	NA	NA
NC_001498.1	3935	G	A	0	0	0	549	42	41	1	549	0	TRUE	NA	NA	NA	NA	NA	NA
NC_001498.1	3937	A	G	567	41	41	1	1	40	0.00176056	568	0.500441	FALSE	NA	NA	NA	NA	NA	NA
NC_001498.1	3945	T	C	808	63	42	1	0	24	0.00123609	809	0.998101	FALSE	NA	NA	NA	NA	NA	NA
NC_001498.1	3953	C	T	0	0	0	847	65	42	1	847	0	TRUE	NA	NA	NA	NA	NA	NA
NC_001498.1	3958	C	A	990	71	39	1	0	24	0.00100908	991	0.99905	FALSE	NA	NA	NA	NA	NA	NA
NC_001498.1	3959	C	T	0	0	0	1016	71	42	1	1016	0	TRUE	NA	NA	NA	NA	NA	NA
NC_001498.1	3971	G	+A	1043	78	43	1	0	20	0.000958773	1043	0.99953	FALSE	NA	NA	NA	NA	NA	NA
NC_001498.1	3972	G	C	1041	79	43	1	0	24	0.000959693	1042	0.999527	FALSE	NA	NA	NA	NA	NA	NA
NC_001498.1	3974	A	G	1072	79	43	1	0	40	0.000931966	1073	0.500233	FALSE	NA	NA	NA	NA	NA	NA
NC_001498.1	3975	T	C	1075	79	43	1	0	24	0.000929368	1076	0.999527	FALSE	NA	NA	NA	NA	NA	NA
NC_001498.1	3983	G	A	0	0	0	1221	86	43	1	1221	0	TRUE	NA	NA	NA	NA	NA	NA
NC_001498.1	3988	A	C	1325	124	44	1	0	24	0.000754148	1326	0.999941	FALSE	NA	NA	NA	NA	NA	NA
NC_001498.1	3999	T	G	1465	158	46	1	0	40	0.000682128	1466	0.500171	FALSE	NA	NA	NA	NA	NA	NA
NC_001498.1	4007	G	A	1492	161	46	1	0	80	0.000669792	1493	0.500168	FALSE	NA	NA	NA	NA	NA	NA
NC_001498.1	4008	C	A	1498	160	46	1	0	40	0.000667111	1499	0.500167	FALSE	NA	NA	NA	NA	NA	NA
NC_001498.1	4010	A	G	0	0	0	1510	163	46	1	1510	0	TRUE	NA	NA	NA	NA	NA	NA
NC_001498.1	4013	G	C	1509	162	46	1	0	40	0.000662252	1510	0.500166	FALSE	NA	NA	NA	NA	NA	NA
NC_001498.1	4014	A	T	1507	162	46	1	0	40	0.00066313	1508	0.500166	FALSE	NA	NA	NA	NA	NA	NA
NC_001498.1	4017	C	G	1571	163	43	1	1	40	0.000636132	1572	0.500159	FALSE	NA	NA	NA	NA	NA	NA
NC_001498.1	4018	T	C	1586	159	45	1	0	40	0.00063012	1587	0.500158	FALSE	NA	NA	NA	NA	NA	NA
NC_001498.1	4021	G	T	1615	162	45	1	0	40	0.000618812	1616	0.500155	FALSE	NA	NA	NA	NA	NA	NA
NC_001498.1	4023	A	G	1609	165	46	1	0	40	0.000620732	1611	0.5	FALSE	NA	NA	NA	NA	NA	NA
NC_001498.1	4023	A	C	1609	165	46	1	0	40	0.000620732	1611	0.5	FALSE	NA	NA	NA	NA	NA	NA
NC_001498.1	4034	G	C	0	0	0	1	0	24	0.000615006	1626	0.0104551	FALSE	NA	NA	NA	NA	NA	NA
NC_001498.1	4034	G	A	0	0	0	1625	182	47	0.999385	1626	0	TRUE	NA	NA	NA	NA	NA	NA
NC_001498.1	4035	A	G	1629	192	47	1	0	24	0.000613497	1630	0.999993	FALSE	NA	NA	NA	NA	NA	NA
NC_001498.1	4041	C	A	1608	193	44	1	0	40	0.000621504	1609	0.500155	FALSE	NA	NA	NA	NA	NA	NA
NC_001498.1	4042	C	A	1634	189	46	1	0	24	0.000611621	1635	0.999993	FALSE	NA	NA	NA	NA	NA	NA
NC_001498.1	4047	A	T	1662	212	48	1	1	80	0.00060024	1666	0.4997	FALSE	NA	NA	NA	NA	NA	NA
NC_001498.1	4047	A	G	1662	212	48	1	0	64	0.00060024	1666	0.4997	FALSE	NA	NA	NA	NA	NA	NA
NC_001498.1	4047	A	C	1662	212	48	2	0	24	0.00120048	1666	0.99993	FALSE	NA	NA	NA	NA	NA	NA
NC_001498.1	4048	A	G	0	0	0	1668	209	48	1	1668	0	TRUE	NA	NA	NA	NA	NA	NA
NC_001498.1	4055	C	T	1662	307	50	1	0	40	0.000601323	1663	0.50015	FALSE	NA	NA	NA	NA	NA	NA
NC_001498.1	4057	A	G	1660	314	50	1	0	64	0.000602047	1661	0.500151	FALSE	NA	NA	NA	NA	NA	NA
NC_001498.1	4065	G	A	1614	376	49	1	0	80	0.000619195	1615	0.500155	FALSE	NA	NA	NA	NA	NA	NA
NC_001498.1	4066	A	+G	1622	403	49	2	0	20	0.00123305	1622	0.999931	FALSE	NA	NA	NA	NA	NA	NA
NC_001498.1	4069	A	C	1611	413	49	1	1	40	0.000620347	1612	0.500155	FALSE	NA	NA	NA	NA	NA	NA
NC_001498.1	4074	C	A	1596	457	48	1	0	24	0.000626174	1597	0.999985	FALSE	NA	NA	NA	NA	NA	NA
NC_001498.1	4086	T	G	1687	493	49	1	1	24	0.000592417	1688	0.999993	FALSE	NA	NA	NA	NA	NA	NA
NC_001498.1	4087	T	C	1674	492	50	1	0	40	0.000597015	1675	0.500149	FALSE	NA	NA	NA	NA	NA	NA
NC_001498.1	4087	T	+G	1674	492	50	1	0	20	0.000597015	1675	0.999993	FALSE	NA	NA	NA	NA	NA	NA
NC_001498.1	4091	G	A	1685	497	50	1	1	80	0.00059312	1686	0.500148	FALSE	NA	NA	NA	NA	NA	NA
NC_001498.1	4094	C	T	0	0	0	1644	506	50	1	1644	0	TRUE	NA	NA	NA	NA	NA	NA
NC_001498.1	4098	A	G	1564	559	49	1	1	40	0.000638978	1565	0.50016	FALSE	NA	NA	NA	NA	NA	NA
NC_001498.1	4109	C	A	1487	679	46	1	0	24	0.000672043	1488	0.999971	FALSE	NA	NA	NA	NA	NA	NA
NC_001498.1	4110	A	G	1515	680	48	1	1	24	0.000659631	1516	0.999985	FALSE	NA	NA	NA	NA	NA	NA
NC_001498.1	4122	A	G	1558	732	49	1	0	36	0.000641437	1559	0.750241	FALSE	NA	NA	NA	NA	NA	NA
NC_001498.1	4123	G	T	1532	690	46	2	2	24	0.00130378	1534	0.999868	FALSE	NA	NA	NA	NA	NA	NA
NC_001498.1	4139	C	T	0	0	0	1546	929	48	1	1546	0	TRUE	NA	NA	NA	NA	NA	NA
NC_001498.1	4144	A	C	1464	926	45	1	0	24	0.000682594	1465	0.999971	FALSE	NA	NA	NA	NA	NA	NA
NC_001498.1	4147	G	T	1508	960	46	1	1	40	0.000662252	1510	0.5	FALSE	NA	NA	NA	NA	NA	NA
NC_001498.1	4147	G	A	1508	960	46	1	1	40	0.000662252	1510	0.5	FALSE	NA	NA	NA	NA	NA	NA
NC_001498.1	4149	A	C	1476	988	46	1	0	32	0.000677048	1477	0.750254	FALSE	NA	NA	NA	NA	NA	NA
NC_001498.1	4152	A	+G	1511	992	48	1	0	20	0.000661813	1511	0.999985	FALSE	NA	NA	NA	NA	NA	NA
NC_001498.1	4152	A	+C	1511	992	48	1	0	20	0.000661813	1511	0.999985	FALSE	NA	NA	NA	NA	NA	NA
NC_001498.1	4153	T	C	1494	992	47	1	1	40	0.000668896	1495	0.500167	FALSE	NA	NA	NA	NA	NA	NA
NC_001498.1	4156	A	G	1512	1007	48	1	1	24	0.000660502	1514	0.999985	FALSE	NA	NA	NA	NA	NA	NA
NC_001498.1	4156	A	C	1512	1007	48	1	1	40	0.000660502	1514	0.5	FALSE	NA	NA	NA	NA	NA	NA
NC_001498.1	4157	A	G	0	0	0	1492	998	46	1	1492	0	TRUE	NA	NA	NA	NA	NA	NA
NC_001498.1	4162	A	C	1511	1031	48	1	0	40	0.000661376	1512	0.500165	FALSE	NA	NA	NA	NA	NA	NA
NC_001498.1	4163	A	C	1539	1068	48	1	0	40	0.000649351	1540	0.500162	FALSE	NA	NA	NA	NA	NA	NA
NC_001498.1	4166	G	+T	1501	1087	45	1	0	20	0.000666223	1501	0.999985	FALSE	NA	NA	NA	NA	NA	NA
NC_001498.1	4172	C	T	0	0	0	1508	1101	46	1	1508	0	TRUE	NA	NA	NA	NA	NA	NA
NC_001498.1	4175	G	A	0	0	0	1475	1100	45	1	1475	0	TRUE	NA	NA	NA	NA	NA	NA
NC_001498.1	4176	G	-T	1523	1126	46	2	0	20	0.0013132	1523	0.999869	FALSE	NA	NA	NA	NA	NA	NA
NC_001498.1	4179	T	C	1526	1142	47	1	1	40	0.000654879	1527	0.500164	FALSE	NA	NA	NA	NA	NA	NA
NC_001498.1	4180	T	G	1522	1139	48	1	1	24	0.000656599	1523	0.999985	FALSE	NA	NA	NA	NA	NA	NA
NC_001498.1	4183	C	T	1557	1202	47	1	1	80	0.000641849	1558	0.500161	FALSE	NA	NA	NA	NA	NA	NA
NC_001498.1	4184	A	C	1539	1198	46	1	1	40	0.000649351	1540	0.500162	FALSE	NA	NA	NA	NA	NA	NA
NC_001498.1	4184	A	+C	1539	1198	46	1	0	20	0.000649351	1540	0.999985	FALSE	NA	NA	NA	NA	NA	NA
NC_001498.1	4196	A	C	1579	1267	47	1	1	40	0.000632911	1580	0.500158	FALSE	NA	NA	NA	NA	NA	NA
NC_001498.1	4196	A	-G	1579	1267	47	1	0	20	0.000632911	1580	0.999985	FALSE	NA	NA	NA	NA	NA	NA
NC_001498.1	4199	G	A	1737	1483	50	1	1	40	0.000575374	1738	0.500144	FALSE	NA	NA	NA	NA	NA	NA
NC_001498.1	4202	C	G	1652	1427	49	1	1	40	0.000604961	1653	0.500151	FALSE	NA	NA	NA	NA	NA	NA
NC_001498.1	4205	C	+G	1634	1426	49	1	0	20	0.000611995	1634	0.999993	FALSE	NA	NA	NA	NA	NA	NA
NC_001498.1	4206	A	C	1610	1410	48	1	1	40	0.000620732	1611	0.500155	FALSE	NA	NA	NA	NA	NA	NA
NC_001498.1	4211	T	G	1566	1380	47	1	1	24	0.000638162	1567	0.999985	FALSE	NA	NA	NA	NA	NA	NA
NC_001498.1	4213	A	G	1565	1385	47	1	1	32	0.00063857	1566	0.75024	FALSE	NA	NA	NA	NA	NA	NA
NC_001498.1	4216	T	G	1514	1340	47	1	1	24	0.000660066	1515	0.999985	FALSE	NA	NA	NA	NA	NA	NA
NC_001498.1	4217	T	C	1510	1336	47	1	1	40	0.000661813	1511	0.500166	FALSE	NA	NA	NA	NA	NA	NA
NC_001498.1	4220	A	G	1512	1344	47	1	1	40	0.000660939	1513	0.500165	FALSE	NA	NA	NA	NA	NA	NA
NC_001498.1	4221	A	G	1507	1343	47	1	1	40	0.00066313	1508	0.500166	FALSE	NA	NA	NA	NA	NA	NA
NC_001498.1	4224	A	+C	1455	1299	46	1	0	20	0.000687285	1455	0.999971	FALSE	NA	NA	NA	NA	NA	NA
NC_001498.1	4228	G	A	1448	1291	47	1	1	40	0.000690131	1449	0.500173	FALSE	NA	NA	NA	NA	NA	NA
NC_001498.1	4233	A	G	1497	1317	47	1	1	40	0.000667557	1498	0.500167	FALSE	NA	NA	NA	NA	NA	NA
NC_001498.1	4242	A	+C	1464	1307	46	1	0	20	0.00068306	1464	0.999971	FALSE	NA	NA	NA	NA	NA	NA
NC_001498.1	4244	T	C	0	0	0	1430	1275	46	1	1430	0	TRUE	NA	NA	NA	NA	NA	NA
NC_001498.1	4252	C	T	1402	1250	45	1	1	40	0.000712758	1403	0.500178	FALSE	NA	NA	NA	NA	NA	NA
NC_001498.1	4256	A	G	1307	1156	46	1	1	24	0.000764526	1308	0.999941	FALSE	NA	NA	NA	NA	NA	NA
NC_001498.1	4258	T	G	1295	1149	45	1	1	24	0.000770416	1298	0.999881	FALSE	NA	NA	NA	NA	NA	NA
NC_001498.1	4258	T	A	1295	1149	45	2	2	40	0.00154083	1298	0.249904	FALSE	NA	NA	NA	NA	NA	NA
NC_001498.1	4259	C	+G	1293	1154	45	1	0	20	0.000773395	1293	0.999883	FALSE	NA	NA	NA	NA	NA	NA
NC_001498.1	4264	T	+C	1245	1115	45	1	0	20	0.000803213	1245	0.999883	FALSE	NA	NA	NA	NA	NA	NA
NC_001498.1	4270	A	C	1213	1086	45	1	1	40	0.000823723	1214	0.500206	FALSE	NA	NA	NA	NA	NA	NA
NC_001498.1	4272	A	+CC	1213	1089	45	1	0	20	0.000824402	1213	0.999883	FALSE	NA	NA	NA	NA	NA	NA
NC_001498.1	4275	T	A	1187	1072	44	1	1	40	0.000841751	1188	0.500211	FALSE	NA	NA	NA	NA	NA	NA
NC_001498.1	4279	G	T	1183	1073	44	1	1	24	0.000844595	1184	0.999764	FALSE	NA	NA	NA	NA	NA	NA
NC_001498.1	4282	A	G	1038	940	43	3	3	40	0.00288184	1041	0.125	FALSE	NA	NA	NA	NA	NA	NA
NC_001498.1	4282	A	-C	1038	940	43	1	0	20	0.000960615	1041	0.999522	FALSE	NA	NA	NA	NA	NA	NA
NC_001498.1	4286	A	T	983	896	43	2	1	40	0.00203046	985	0.250127	FALSE	NA	NA	NA	NA	NA	NA
NC_001498.1	4290	A	C	941	862	42	1	0	24	0.00106157	942	0.999052	FALSE	NA	NA	NA	NA	NA	NA
NC_001498.1	4294	A	+C	913	835	42	1	0	20	0.00109529	913	0.999058	FALSE	NA	NA	NA	NA	NA	NA
NC_001498.1	4307	C	T	0	0	0	805	729	42	1	805	0	TRUE	NA	NA	NA	NA	NA	NA
NC_001498.1	4310	T	G	785	709	42	1	1	24	0.00127226	786	0.996183	FALSE	NA	NA	NA	NA	NA	NA
NC_001498.1	4316	G	A	0	0	0	731	660	42	1	731	0	TRUE	NA	NA	NA	NA	NA	NA
NC_001498.1	4319	A	G	729	656	42	1	1	24	0.00136986	730	0.996189	FALSE	NA	NA	NA	NA	NA	NA
NC_001498.1	4323	T	C	687	622	42	1	1	40	0.00145349	688	0.500364	FALSE	NA	NA	NA	NA	NA	NA
NC_001498.1	4325	G	T	495	429	33	7	7	24	0.0139442	502	0.387883	FALSE	NA	NA	NA	NA	NA	NA
NC_001498.1	4328	G	A	0	0	0	23	3	50	1	23	2.42912e-13	TRUE	NA	NA	NA	NA	NA	NA
NC_001498.1	4361	T	C	0	0	0	25	5	51	1	25	1.58215e-14	TRUE	NA	NA	NA	NA	NA	NA
NC_001498.1	4400	C	T	0	0	0	18	7	48	1	18	2.20382e-10	TRUE	NA	NA	NA	NA	NA	NA
NC_001498.1	4430	A	C	0	0	0	11	7	47	1	11	2.83514e-06	TRUE	NA	NA	NA	NA	NA	NA
NC_001498.1	4440	C	T	0	0	0	13	10	48	1	13	1.92297e-07	TRUE	NA	NA	NA	NA	NA	NA
NC_001498.1	4450	C	T	0	0	0	12	9	48	1	12	7.39602e-07	TRUE	NA	NA	NA	NA	NA	NA
NC_001498.1	4456	C	T	0	0	0	15	12	48	1	15	1.28935e-08	TRUE	NA	NA	NA	NA	NA	NA
NC_001498.1	4462	A	G	0	0	0	13	12	43	1	13	1.92297e-07	TRUE	NA	NA	NA	NA	NA	NA
NC_001498.1	4464	A	G	0	0	0	15	14	42	1	15	1.28935e-08	TRUE	NA	NA	NA	NA	NA	NA
NC_001498.1	4468	G	A	0	0	0	17	16	41	1	17	8.57043e-10	TRUE	NA	NA	NA	NA	NA	NA
NC_001498.1	4474	G	A	0	0	0	17	16	42	1	17	8.57043e-10	TRUE	NA	NA	NA	NA	NA	NA
NC_001498.1	4485	T	C	0	0	0	19	18	42	1	19	5.65847e-11	TRUE	NA	NA	NA	NA	NA	NA
NC_001498.1	4500	G	T	0	0	0	17	17	40	1	17	8.57043e-10	TRUE	NA	NA	NA	NA	NA	NA
NC_001498.1	4524	A	G	0	0	0	9	9	25	1	9	4.11353e-05	TRUE	NA	NA	NA	NA	NA	NA
NC_001498.1	4525	G	A	0	0	0	15	15	40	1	15	1.28935e-08	TRUE	NA	NA	NA	NA	NA	NA
NC_001498.1	4526	A	G	0	0	0	15	15	40	1	15	1.28935e-08	TRUE	NA	NA	NA	NA	NA	NA
NC_001498.1	4556	C	T	0	0	0	13	13	40	1	13	1.92297e-07	TRUE	NA	NA	NA	NA	NA	NA
NC_001498.1	4567	A	G	0	0	0	13	13	38	1	13	1.92297e-07	TRUE	NA	NA	NA	NA	NA	NA
NC_001498.1	4573	T	C	0	0	0	6	6	40	1	6	0.0021645	TRUE	NA	NA	NA	NA	NA	NA
NC_001498.1	4575	T	C	0	0	0	6	6	40	1	6	0.0021645	TRUE	NA	NA	NA	NA	NA	NA
NC_001498.1	4577	G	A	0	0	0	6	6	40	1	6	0.0021645	TRUE	NA	NA	NA	NA	NA	NA
NC_001498.1	4586	C	T	0	0	0	2	2	40	1	2	0.333333	FALSE	NA	NA	NA	NA	NA	NA
NC_001498.1	4592	A	C	0	0	0	2	2	40	1	2	0.333333	FALSE	NA	NA	NA	NA	NA	NA
NC_001498.1	4596	A	G	1	1	40	1	1	40	0.5	2	0.666667	FALSE	NA	NA	NA	NA	NA	NA
NC_001498.1	4597	C	T	0	0	0	2	2	40	1	2	0.333333	FALSE	NA	NA	NA	NA	NA	NA
NC_001498.1	4600	A	G	0	0	0	2	2	40	1	2	0.333333	FALSE	NA	NA	NA	NA	NA	NA
NC_001498.1	4605	C	T	0	0	0	2	2	40	1	2	0.333333	FALSE	NA	NA	NA	NA	NA	NA
NC_001498.1	4612	A	C	0	0	0	2	2	40	1	2	0.333333	FALSE	NA	NA	NA	NA	NA	NA
NC_001498.1	4615	A	G	0	0	0	2	2	40	1	2	0.333333	FALSE	NA	NA	NA	NA	NA	NA
NC_001498.1	5014	G	A	0	0	0	9	0	38	1	9	4.11353e-05	TRUE	NA	NA	NA	NA	NA	NA
NC_001498.1	5016	C	A	0	0	0	9	0	36	1	9	4.11353e-05	TRUE	NA	NA	NA	NA	NA	NA
NC_001498.1	5020	A	G	0	0	0	9	0	38	1	9	4.11353e-05	TRUE	NA	NA	NA	NA	NA	NA
NC_001498.1	5057	C	G	0	0	0	9	0	38	1	9	4.11353e-05	TRUE	NA	NA	NA	NA	NA	NA
NC_001498.1	5071	A	G	0	0	0	8	0	40	1	8	0.0001554	TRUE	NA	NA	NA	NA	NA	NA
NC_001498.1	5090	G	A	0	0	0	9	0	36	1	9	4.11353e-05	TRUE	NA	NA	NA	NA	NA	NA
NC_001498.1	5095	C	G	0	0	0	9	0	36	1	9	4.11353e-05	TRUE	NA	NA	NA	NA	NA	NA
NC_001498.1	5097	T	C	0	0	0	9	0	40	1	9	4.11353e-05	TRUE	NA	NA	NA	NA	NA	NA
NC_001498.1	5098	C	A	0	0	0	9	0	40	1	9	4.11353e-05	TRUE	NA	NA	NA	NA	NA	NA
NC_001498.1	5109	A	C	0	0	0	9	0	36	1	9	4.11353e-05	TRUE	NA	NA	NA	NA	NA	NA
NC_001498.1	5115	A	G	0	0	0	9	0	38	1	9	4.11353e-05	TRUE	NA	NA	NA	NA	NA	NA
NC_001498.1	5117	C	A	0	0	0	7	0	40	1	7	0.000582751	TRUE	NA	NA	NA	NA	NA	NA
NC_001498.1	5126	G	C	0	0	0	8	0	40	1	8	0.0001554	TRUE	NA	NA	NA	NA	NA	NA
NC_001498.1	5139	G	A	0	0	0	2	0	40	1	2	0.333333	FALSE	NA	NA	NA	NA	NA	NA
NC_001498.1	5140	A	G	0	0	0	2	0	40	1	2	0.333333	FALSE	NA	NA	NA	NA	NA	NA
NC_001498.1	5147	G	A	0	0	0	2	0	40	1	2	0.333333	FALSE	NA	NA	NA	NA	NA	NA
NC_001498.1	5148	T	C	0	0	0	2	0	40	1	2	0.333333	FALSE	NA	NA	NA	NA	NA	NA
NC_001498.1	5170	G	A	0	0	0	5	5	40	1	5	0.00793651	TRUE	NA	NA	NA	NA	NA	NA
NC_001498.1	5180	T	C	0	0	0	5	5	40	1	5	0.00793651	TRUE	NA	NA	NA	NA	NA	NA
NC_001498.1	5185	C	A	0	0	0	5	5	40	1	5	0.00793651	TRUE	NA	NA	NA	NA	NA	NA
NC_001498.1	5187	T	C	0	0	0	5	5	40	1	5	0.00793651	TRUE	NA	NA	NA	NA	NA	NA
NC_001498.1	5189	A	G	0	0	0	5	5	40	1	5	0.00793651	TRUE	NA	NA	NA	NA	NA	NA
NC_001498.1	5196	A	G	0	0	0	5	5	40	1	5	0.00793651	TRUE	NA	NA	NA	NA	NA	NA
NC_001498.1	5197	A	G	0	0	0	5	5	33	1	5	0.00793651	TRUE	NA	NA	NA	NA	NA	NA
NC_001498.1	5203	A	G	0	0	0	7	7	40	1	7	0.000582751	TRUE	NA	NA	NA	NA	NA	NA
NC_001498.1	5205	A	C	0	0	0	7	7	40	1	7	0.000582751	TRUE	NA	NA	NA	NA	NA	NA
NC_001498.1	5219	G	A	0	0	0	8	8	40	1	8	0.0001554	TRUE	NA	NA	NA	NA	NA	NA
NC_001498.1	5237	G	C	0	0	0	8	8	34	1	8	0.0001554	TRUE	NA	NA	NA	NA	NA	NA
NC_001498.1	5250	T	C	0	0	0	8	8	38	1	8	0.0001554	TRUE	NA	NA	NA	NA	NA	NA
NC_001498.1	5277	T	C	0	0	0	7	7	40	1	7	0.000582751	TRUE	NA	NA	NA	NA	NA	NA
NC_001498.1	5281	T	C	0	0	0	7	7	35	1	7	0.000582751	TRUE	NA	NA	NA	NA	NA	NA
NC_001498.1	5283	G	A	0	0	0	7	7	40	1	7	0.000582751	TRUE	NA	NA	NA	NA	NA	NA
NC_001498.1	5284	G	A	0	0	0	7	7	40	1	7	0.000582751	TRUE	NA	NA	NA	NA	NA	NA
NC_001498.1	5303	A	G	0	0	0	7	7	37	1	7	0.000582751	TRUE	NA	NA	NA	NA	NA	NA
NC_001498.1	5312	T	C	0	0	0	3	3	40	1	3	0.1	FALSE	NA	NA	NA	NA	NA	NA
NC_001498.1	5335	C	G	0	0	0	2	2	40	1	2	0.333333	FALSE	NA	NA	NA	NA	NA	NA
NC_001498.1	5348	T	C	0	0	0	2	2	40	1	2	0.333333	FALSE	NA	NA	NA	NA	NA	NA
NC_001498.1	6505	C	A	74	5	41	1	0	40	0.0133333	75	0.503356	FALSE	NA	NA	NA	NA	NA	NA
NC_001498.1	6528	A	G	0	0	0	103	5	42	1	103	3.50245e-61	TRUE	NA	NA	NA	NA	NA	NA
NC_001498.1	6534	C	A	68	6	32	2	0	24	0.0285714	70	0.251799	FALSE	NA	NA	NA	NA	NA	NA
NC_001498.1	6553	T	C	125	12	47	1	0	24	0.00793651	126	0.752988	FALSE	NA	NA	NA	NA	NA	NA
NC_001498.1	6579	T	C	0	0	0	136	15	47	1	136	5.45274e-81	TRUE	NA	NA	NA	NA	NA	NA
NC_001498.1	6588	C	A	136	17	47	1	0	24	0.00729927	137	0.752747	FALSE	NA	NA	NA	NA	NA	NA
NC_001498.1	6591	G	A	0	0	0	145	17	47	1	145	2.14766e-86	TRUE	NA	NA	NA	NA	NA	NA
NC_001498.1	6602	C	A	146	17	48	1	0	24	0.00680272	147	0.75256	FALSE	NA	NA	NA	NA	NA	NA
NC_001498.1	6603	A	C	139	16	46	1	0	24	0.00714286	140	0.752688	FALSE	NA	NA	NA	NA	NA	NA
NC_001498.1	6604	C	A	118	16	40	1	0	24	0.00840336	119	0.753165	FALSE	NA	NA	NA	NA	NA	NA
NC_001498.1	6636	C	T	0	0	0	129	45	48	1	129	8.70125e-77	TRUE	NA	NA	NA	NA	NA	NA
NC_001498.1	6639	C	T	0	0	0	127	44	48	1	127	1.38139e-75	TRUE	NA	NA	NA	NA	NA	NA
NC_001498.1	6642	C	T	0	0	0	129	46	47	1	129	8.70125e-77	TRUE	NA	NA	NA	NA	NA	NA
NC_001498.1	6651	C	A	136	70	49	1	0	24	0.00729927	137	0.752747	FALSE	NA	NA	NA	NA	NA	NA
NC_001498.1	6658	G	A	135	69	50	2	1	80	0.0145985	137	0.250916	FALSE	NA	NA	NA	NA	NA	NA
NC_001498.1	6660	A	T	0	0	0	141	76	49	1	141	5.42177e-84	TRUE	NA	NA	NA	NA	NA	NA
NC_001498.1	6666	C	T	0	0	0	142	78	51	1	142	1.36023e-84	TRUE	NA	NA	NA	NA	NA	NA
NC_001498.1	6702	T	+G	145	113	48	1	0	20	0.00689655	145	0.754301	FALSE	NA	NA	NA	NA	NA	NA
NC_001498.1	6709	G	A	137	107	48	2	2	40	0.0143885	139	0.250903	FALSE	NA	NA	NA	NA	NA	NA
NC_001498.1	6710	A	G	138	108	48	1	1	24	0.00719424	139	0.752708	FALSE	NA	NA	NA	NA	NA	NA
NC_001498.1	6713	A	G	0	0	0	139	109	46	1	139	8.61319e-83	TRUE	NA	NA	NA	NA	NA	NA
NC_001498.1	6716	G	+C	143	110	47	1	0	20	0.00699301	143	0.754361	FALSE	NA	NA	NA	NA	NA	NA
NC_001498.1	6723	G	A	0	0	0	142	110	46	1	142	1.36023e-84	TRUE	NA	NA	NA	NA	NA	NA
NC_001498.1	6729	G	A	0	0	0	139	111	45	1	139	8.61319e-83	TRUE	NA	NA	NA	NA	NA	NA
NC_001498.1	6734	A	+CG	138	111	45	1	0	20	0.00724638	138	0.754519	FALSE	NA	NA	NA	NA	NA	NA
NC_001498.1	6738	T	C	0	0	0	140	114	46	1	140	2.16102e-83	TRUE	NA	NA	NA	NA	NA	NA
NC_001498.1	6762	G	T	129	111	39	1	1	24	0.00769231	130	0.752896	FALSE	NA	NA	NA	NA	NA	NA
NC_001498.1	6771	G	A	0	0	0	134	126	44	1	134	8.66011e-80	TRUE	NA	NA	NA	NA	NA	NA
NC_001498.1	6774	C	T	0	0	0	131	123	45	1	131	5.4802e-78	TRUE	NA	NA	NA	NA	NA	NA
NC_001498.1	6777	G	T	0	0	0	116	109	45	1	116	5.53787e-69	TRUE	NA	NA	NA	NA	NA	NA
NC_001498.1	6784	C	T	0	0	0	111	104	45	1	111	5.54749e-66	TRUE	NA	NA	NA	NA	NA	NA
NC_001498.1	6789	C	T	0	0	0	106	99	45	1	106	5.55151e-63	TRUE	NA	NA	NA	NA	NA	NA
NC_001498.1	6834	A	G	49	48	46	2	0	40	0.0392157	51	0.252475	FALSE	NA	NA	NA	NA	NA	NA
NC_001498.1	6861	T	C	0	0	0	33	31	46	1	33	2.7703e-19	TRUE	NA	NA	NA	NA	NA	NA
NC_001498.1	6864	G	A	0	0	0	33	31	47	1	33	2.7703e-19	TRUE	NA	NA	NA	NA	NA	NA
NC_001498.1	6891	G	A	0	0	0	1	0	40	1	1	1	FALSE	NA	NA	NA	NA	NA	NA
NC_001498.1	6912	G	A	0	0	0	1	0	40	1	1	1	FALSE	NA	NA	NA	NA	NA	NA
NC_001498.1	6945	T	C	0	0	0	1	0	40	1	1	1	FALSE	NA	NA	NA	NA	NA	NA
NC_001498.1	6994	T	C	0	0	0	1	0	40	1	1	1	FALSE	NA	NA	NA	NA	NA	NA
NC_001498.1	7017	C	T	0	0	0	1	0	40	1	1	1	FALSE	NA	NA	NA	NA	NA	NA
NC_001498.1	7051	A	C	0	0	0	2	1	40	1	2	0.333333	FALSE	NA	NA	NA	NA	NA	NA
NC_001498.1	7071	T	C	0	0	0	2	1	40	1	2	0.333333	FALSE	NA	NA	NA	NA	NA	NA
NC_001498.1	7080	G	A	0	0	0	2	1	40	1	2	0.333333	FALSE	NA	NA	NA	NA	NA	NA
NC_001498.1	7101	G	A	0	0	0	2	1	40	1	2	0.333333	FALSE	NA	NA	NA	NA	NA	NA
NC_001498.1	7107	C	T	0	0	0	2	1	40	1	2	0.333333	FALSE	NA	NA	NA	NA	NA	NA
NC_001498.1	7134	G	A	0	0	0	1	1	40	1	1	1	FALSE	NA	NA	NA	NA	NA	NA
NC_001498.1	7135	A	G	0	0	0	1	1	40	1	1	1	FALSE	NA	NA	NA	NA	NA	NA
NC_001498.1	7137	T	G	0	0	0	1	1	40	1	1	1	FALSE	NA	NA	NA	NA	NA	NA
NC_001498.1	7141	C	T	0	0	0	1	1	40	1	1	1	FALSE	NA	NA	NA	NA	NA	NA
NC_001498.1	7143	C	G	0	0	0	1	1	40	1	1	1	FALSE	NA	NA	NA	NA	NA	NA
NC_001498.1	7146	G	T	0	0	0	1	1	40	1	1	1	FALSE	NA	NA	NA	NA	NA	NA
NC_001498.1	7156	C	A	0	0	0	1	1	40	1	1	1	FALSE	NA	NA	NA	NA	NA	NA
NC_001498.1	7227	G	A	0	0	0	2	0	40	1	2	0.333333	FALSE	NA	NA	NA	NA	NA	NA
NC_001498.1	7234	G	A	0	0	0	2	0	40	1	2	0.333333	FALSE	NA	NA	NA	NA	NA	NA
NC_001498.1	7237	G	A	0	0	0	2	0	40	1	2	0.333333	FALSE	NA	NA	NA	NA	NA	NA
NC_001498.1	7262	T	C	0	0	0	2	0	40	1	2	0.333333	FALSE	NA	NA	NA	NA	NA	NA
NC_001498.1	7279	A	G	0	0	0	2	0	40	1	2	0.333333	FALSE	NA	NA	NA	NA	NA	NA
NC_001498.1	7312	C	T	0	0	0	2	0	40	1	2	0.333333	FALSE	NA	NA	NA	NA	NA	NA
NC_001498.1	7318	A	T	0	0	0	2	0	40	1	2	0.333333	FALSE	NA	NA	NA	NA	NA	NA
NC_001498.1	7319	C	T	0	0	0	2	0	40	1	2	0.333333	FALSE	NA	NA	NA	NA	NA	NA
NC_001498.1	7324	T	C	0	0	0	2	0	32	1	2	0.333333	FALSE	NA	NA	NA	NA	NA	NA
NC_001498.1	7366	T	C	0	0	0	1	0	40	1	1	1	FALSE	NA	NA	NA	NA	NA	NA
NC_001498.1	7369	T	C	0	0	0	1	0	40	1	1	1	FALSE	NA	NA	NA	NA	NA	NA
NC_001498.1	7375	T	C	0	0	0	1	0	40	1	1	1	FALSE	NA	NA	NA	NA	NA	NA
NC_001498.1	7382	T	C	0	0	0	1	0	40	1	1	1	FALSE	NA	NA	NA	NA	NA	NA
NC_001498.1	7396	A	G	0	0	0	1	0	40	1	1	1	FALSE	NA	NA	NA	NA	NA	NA
NC_001498.1	7423	G	A	0	0	0	3	1	53	1	3	0.1	FALSE	NA	NA	NA	NA	NA	NA
NC_001498.1	7429	A	G	0	0	0	3	1	53	1	3	0.1	FALSE	NA	NA	NA	NA	NA	NA
NC_001498.1	7432	C	A	0	0	0	3	1	53	1	3	0.1	FALSE	NA	NA	NA	NA	NA	NA
NC_001498.1	7450	C	T	0	0	0	4	2	50	1	4	0.0285714	FALSE	NA	NA	NA	NA	NA	NA
NC_001498.1	7456	T	G	0	0	0	4	2	46	1	4	0.0285714	FALSE	NA	NA	NA	NA	NA	NA
NC_001498.1	7474	A	G	0	0	0	4	2	40	1	4	0.0285714	FALSE	NA	NA	NA	NA	NA	NA
NC_001498.1	7486	G	A	0	0	0	6	5	53	1	6	0.0021645	TRUE	NA	NA	NA	NA	NA	NA
NC_001498.1	7495	C	T	0	0	0	5	4	47	1	5	0.00793651	TRUE	NA	NA	NA	NA	NA	NA
NC_001498.1	7510	A	G	0	0	0	6	5	53	1	6	0.0021645	TRUE	NA	NA	NA	NA	NA	NA
NC_001498.1	7519	G	A	0	0	0	6	5	53	1	6	0.0021645	TRUE	NA	NA	NA	NA	NA	NA
NC_001498.1	7558	C	T	0	0	0	5	4	52	1	5	0.00793651	TRUE	NA	NA	NA	NA	NA	NA
NC_001498.1	7561	G	A	0	0	0	5	4	56	1	5	0.00793651	TRUE	NA	NA	NA	NA	NA	NA
NC_001498.1	7567	T	C	0	0	0	5	5	40	1	5	0.00793651	TRUE	NA	NA	NA	NA	NA	NA
NC_001498.1	7570	T	G	0	0	0	5	5	40	1	5	0.00793651	TRUE	NA	NA	NA	NA	NA	NA
NC_001498.1	7588	G	A	0	0	0	4	4	40	1	4	0.0285714	FALSE	NA	NA	NA	NA	NA	NA
NC_001498.1	7603	C	T	0	0	0	4	4	40	1	4	0.0285714	FALSE	NA	NA	NA	NA	NA	NA
NC_001498.1	7878	T	C	490	43	40	1	0	40	0.00203666	491	0.50051	FALSE	NA	NA	NA	NA	NA	NA
NC_001498.1	7883	C	T	0	0	0	528	44	40	1	528	0	TRUE	NA	NA	NA	NA	NA	NA
NC_001498.1	7885	G	+C	550	44	40	1	0	20	0.00181818	550	0.984756	FALSE	NA	NA	NA	NA	NA	NA
NC_001498.1	7888	G	T	550	44	41	1	0	40	0.00181488	551	0.500454	FALSE	NA	NA	NA	NA	NA	NA
NC_001498.1	7897	T	C	0	0	0	660	67	42	1	660	0	TRUE	NA	NA	NA	NA	NA	NA
NC_001498.1	7901	A	G	0	0	0	676	68	42	1	676	0	TRUE	NA	NA	NA	NA	NA	NA
NC_001498.1	7903	T	C	679	72	43	1	0	24	0.00147059	680	0.992348	FALSE	NA	NA	NA	NA	NA	NA
NC_001498.1	7905	G	+C	682	74	43	1	0	20	0.00146628	682	0.992386	FALSE	NA	NA	NA	NA	NA	NA
NC_001498.1	7910	T	+G	790	78	42	1	0	20	0.00126582	790	0.996202	FALSE	NA	NA	NA	NA	NA	NA
NC_001498.1	7919	T	C	838	86	43	1	0	24	0.0011919	839	0.998099	FALSE	NA	NA	NA	NA	NA	NA
NC_001498.1	7923	C	+A	886	87	43	1	0	20	0.00112867	886	0.998106	FALSE	NA	NA	NA	NA	NA	NA
NC_001498.1	7928	G	A	0	0	0	895	92	43	1	895	0	TRUE	NA	NA	NA	NA	NA	NA
NC_001498.1	7943	C	A	759	105	37	14	0	26	0.0181113	773	0.0936107	FALSE	NA	NA	NA	NA	NA	NA
NC_001498.1	7954	C	T	0	0	0	1056	118	46	1	1056	0	TRUE	NA	NA	NA	NA	NA	NA
NC_001498.1	7959	G	A	1075	121	46	1	1	80	0.000929368	1076	0.500232	FALSE	NA	NA	NA	NA	NA	NA
NC_001498.1	7963	T	C	0	0	0	1111	128	46	1	1111	0	TRUE	NA	NA	NA	NA	NA	NA
NC_001498.1	7964	T	A	1114	128	46	1	0	40	0.000896861	1115	0.500224	FALSE	NA	NA	NA	NA	NA	NA
NC_001498.1	7966	C	A	1100	143	43	1	0	24	0.000908265	1101	0.999764	FALSE	NA	NA	NA	NA	NA	NA
NC_001498.1	7967	C	A	1127	144	47	1	0	40	0.000886525	1128	0.500222	FALSE	NA	NA	NA	NA	NA	NA
NC_001498.1	7969	A	G	1127	150	47	1	0	80	0.000886525	1128	0.500222	FALSE	NA	NA	NA	NA	NA	NA
NC_001498.1	7971	T	-G	1138	150	47	1	0	20	0.000878735	1138	0.999765	FALSE	NA	NA	NA	NA	NA	NA
NC_001498.1	7972	G	T	0	0	0	1136	149	47	1	1136	0	TRUE	NA	NA	NA	NA	NA	NA
NC_001498.1	7973	G	T	1135	147	46	1	1	40	0.000880282	1136	0.50022	FALSE	NA	NA	NA	NA	NA	NA
NC_001498.1	7974	G	A	1	1	40	1127	146	47	0.999113	1128	0	TRUE	NA	NA	NA	NA	NA	NA
NC_001498.1	7976	A	C	1153	189	49	1	0	40	0.000866551	1154	0.500217	FALSE	NA	NA	NA	NA	NA	NA
NC_001498.1	7977	A	G	1156	189	49	1	0	40	0.000863558	1158	0.5	FALSE	NA	NA	NA	NA	NA	NA
NC_001498.1	7977	A	C	1156	189	49	1	0	40	0.000863558	1158	0.5	FALSE	NA	NA	NA	NA	NA	NA
NC_001498.1	7978	G	T	1164	190	49	1	0	24	0.000858369	1165	0.999764	FALSE	NA	NA	NA	NA	NA	NA
NC_001498.1	7979	C	T	1164	191	48	1	1	40	0.000858369	1165	0.500215	FALSE	NA	NA	NA	NA	NA	NA
NC_001498.1	7981	T	G	0	0	0	1168	198	49	1	1168	0	TRUE	NA	NA	NA	NA	NA	NA
NC_001498.1	7989	G	A	0	0	0	1156	267	51	1	1156	0	TRUE	NA	NA	NA	NA	NA	NA
NC_001498.1	7993	T	C	0	0	0	1121	306	49	1	1121	0	TRUE	NA	NA	NA	NA	NA	NA
NC_001498.1	7997	G	A	1071	348	47	1	0	40	0.000932836	1072	0.500233	FALSE	NA	NA	NA	NA	NA	NA
NC_001498.1	8000	T	C	1089	377	48	1	1	40	0.000917431	1090	0.500229	FALSE	NA	NA	NA	NA	NA	NA
NC_001498.1	8007	T	C	1144	406	48	1	0	40	0.000873362	1145	0.500218	FALSE	NA	NA	NA	NA	NA	NA
NC_001498.1	8012	C	A	1131	412	43	1	0	24	0.000883392	1132	0.999764	FALSE	NA	NA	NA	NA	NA	NA
NC_001498.1	8014	A	C	1181	420	47	1	1	40	0.000846024	1182	0.500212	FALSE	NA	NA	NA	NA	NA	NA
NC_001498.1	8021	A	T	1237	452	48	1	1	40	0.000807754	1238	0.500202	FALSE	NA	NA	NA	NA	NA	NA
NC_001498.1	8024	C	T	0	0	0	1260	467	48	1	1260	0	TRUE	NA	NA	NA	NA	NA	NA
NC_001498.1	8037	A	G	1253	488	48	1	1	40	0.000796813	1255	0.5	FALSE	NA	NA	NA	NA	NA	NA
NC_001498.1	8037	A	C	1253	488	48	1	0	24	0.000796813	1255	0.999882	FALSE	NA	NA	NA	NA	NA	NA
NC_001498.1	8038	A	C	1257	488	48	1	0	24	0.000794913	1258	0.999882	FALSE	NA	NA	NA	NA	NA	NA
NC_001498.1	8044	G	T	0	0	0	1232	508	47	1	1232	0	TRUE	NA	NA	NA	NA	NA	NA
NC_001498.1	8047	T	G	0	0	0	1208	527	47	1	1208	0	TRUE	NA	NA	NA	NA	NA	NA
NC_001498.1	8048	A	G	1211	535	48	1	1	40	0.000825083	1212	0.500206	FALSE	NA	NA	NA	NA	NA	NA
NC_001498.1	8049	T	C	1212	535	48	1	0	24	0.000824402	1213	0.999882	FALSE	NA	NA	NA	NA	NA	NA
NC_001498.1	8056	T	C	0	0	0	1175	573	47	1	1175	0	TRUE	NA	NA	NA	NA	NA	NA
NC_001498.1	8058	C	+G	1157	592	46	1	0	20	0.000864304	1157	0.999765	FALSE	NA	NA	NA	NA	NA	NA
NC_001498.1	8066	G	A	1194	627	48	1	0	80	0.00083682	1195	0.500209	FALSE	NA	NA	NA	NA	NA	NA
NC_001498.1	8073	C	A	1167	669	48	1	0	24	0.000856164	1168	0.999764	FALSE	NA	NA	NA	NA	NA	NA
NC_001498.1	8074	G	A	1167	670	48	1	0	52	0.000856164	1168	0.500214	FALSE	NA	NA	NA	NA	NA	NA
NC_001498.1	8093	T	C	1145	729	49	1	0	40	0.0008726	1146	0.500218	FALSE	NA	NA	NA	NA	NA	NA
NC_001498.1	8097	T	G	1333	1057	54	1	1	24	0.000749625	1334	0.999941	FALSE	NA	NA	NA	NA	NA	NA
NC_001498.1	8098	T	C	1323	1057	54	1	1	24	0.000755287	1324	0.999941	FALSE	NA	NA	NA	NA	NA	NA
NC_001498.1	8103	A	G	1315	1093	52	1	1	24	0.000759301	1317	0.999941	FALSE	NA	NA	NA	NA	NA	NA
NC_001498.1	8103	A	C	1315	1093	52	1	1	24	0.000759301	1317	0.999941	FALSE	NA	NA	NA	NA	NA	NA
NC_001498.1	8105	C	T	1319	1098	51	1	1	40	0.000757576	1320	0.500189	FALSE	NA	NA	NA	NA	NA	NA
NC_001498.1	8106	C	T	1314	1096	52	1	1	80	0.000760456	1315	0.50019	FALSE	NA	NA	NA	NA	NA	NA
NC_001498.1	8109	T	G	1311	1095	51	1	1	24	0.000762195	1312	0.999941	FALSE	NA	NA	NA	NA	NA	NA
NC_001498.1	8112	G	T	1285	1083	48	2	2	24	0.0015528	1288	0.999108	FALSE	NA	NA	NA	NA	NA	NA
NC_001498.1	8112	G	A	1285	1083	48	1	0	40	0.000776398	1288	0.499806	FALSE	NA	NA	NA	NA	NA	NA
NC_001498.1	8118	A	G	0	0	0	1199	1028	49	1	1199	0	TRUE	NA	NA	NA	NA	NA	NA
NC_001498.1	8120	T	C	0	0	0	1194	1026	50	1	1194	0	TRUE	NA	NA	NA	NA	NA	NA
NC_001498.1	8123	A	G	1	1	40	1193	1023	49	0.999162	1194	0	TRUE	NA	NA	NA	NA	NA	NA
NC_001498.1	8131	C	T	1	1	48	1195	1019	50	0.999164	1196	0	TRUE	NA	NA	NA	NA	NA	NA
NC_001498.1	8138	G	T	1138	969	51	1	1	40	0.000877963	1139	0.50022	FALSE	NA	NA	NA	NA	NA	NA
NC_001498.1	8149	G	A	1047	911	49	1	1	40	0.000954198	1048	0.500239	FALSE	NA	NA	NA	NA	NA	NA
NC_001498.1	8151	T	A	1050	914	49	1	1	40	0.000951475	1051	0.500238	FALSE	NA	NA	NA	NA	NA	NA
NC_001498.1	8152	T	C	0	0	0	1051	915	49	1	1051	0	TRUE	NA	NA	NA	NA	NA	NA
NC_001498.1	8156	T	C	0	0	0	1046	933	48	1	1046	0	TRUE	NA	NA	NA	NA	NA	NA
NC_001498.1	8159	G	A	1014	904	48	1	1	40	0.000985222	1015	0.500246	FALSE	NA	NA	NA	NA	NA	NA
NC_001498.1	8167	C	T	1	1	40	979	883	47	0.99898	980	0	TRUE	NA	NA	NA	NA	NA	NA
NC_001498.1	8172	A	G	941	864	45	3	3	40	0.0031746	945	0.124801	FALSE	NA	NA	NA	NA	NA	NA
NC_001498.1	8172	A	C	941	864	45	1	1	24	0.0010582	945	0.999036	FALSE	NA	NA	NA	NA	NA	NA
NC_001498.1	8173	C	A	927	867	44	1	0	32	0.00107759	928	0.50027	FALSE	NA	NA	NA	NA	NA	NA
NC_001498.1	8174	A	T	0	0	0	2	2	40	0.00219298	912	2.40195e-06	TRUE	NA	NA	NA	NA	NA	NA
NC_001498.1	8174	A	G	0	0	0	910	849	44	0.997807	912	0	TRUE	NA	NA	NA	NA	NA	NA
NC_001498.1	8175	G	T	445	375	35	31	31	24	0.0651261	476	1.21257e-06	TRUE	NA	NA	NA	NA	NA	NA
NC_001498.1	8177	G	T	922	862	45	1	1	24	0.00108342	923	0.999052	FALSE	NA	NA	NA	NA	NA	NA
NC_001498.1	8179	A	C	0	0	0	924	865	45	1	924	0	TRUE	NA	NA	NA	NA	NA	NA
NC_001498.1	8182	T	G	914	857	44	1	1	24	0.0010929	915	0.999053	FALSE	NA	NA	NA	NA	NA	NA
NC_001498.1	8190	C	T	0	0	0	878	832	43	1	878	0	TRUE	NA	NA	NA	NA	NA	NA
NC_001498.1	8192	A	G	872	828	43	1	1	40	0.00114548	873	0.500287	FALSE	NA	NA	NA	NA	NA	NA
NC_001498.1	8194	T	C	865	828	43	1	1	40	0.00115473	866	0.500289	FALSE	NA	NA	NA	NA	NA	NA
NC_001498.1	8203	G	T	619	583	33	7	7	24	0.0111821	626	0.501178	FALSE	NA	NA	NA	NA	NA	NA
NC_001498.1	8206	G	A	0	0	0	782	749	43	1	782	0	TRUE	NA	NA	NA	NA	NA	NA
NC_001498.1	8209	A	G	757	725	43	1	1	24	0.00131926	758	0.996186	FALSE	NA	NA	NA	NA	NA	NA
NC_001498.1	8211	G	T	734	703	40	1	1	24	0.00136054	735	0.996189	FALSE	NA	NA	NA	NA	NA	NA
NC_001498.1	8224	C	-T	655	633	42	1	0	20	0.00152672	655	0.992395	FALSE	NA	NA	NA	NA	NA	NA
NC_001498.1	8234	G	T	557	537	42	1	1	24	0.00179211	558	0.984668	FALSE	NA	NA	NA	NA	NA	NA
NC_001498.1	8552	G	A	0	0	0	139	14	39	1	139	8.61319e-83	TRUE	NA	NA	NA	NA	NA	NA
NC_001498.1	8557	A	G	0	0	0	145	15	40	1	145	2.14766e-86	TRUE	NA	NA	NA	NA	NA	NA
NC_001498.1	8584	T	C	0	0	0	218	25	43	1	218	2.95124e-130	TRUE	NA	NA	NA	NA	NA	NA
NC_001498.1	8601	A	C	281	26	42	1	0	24	0.0035461	282	0.876331	FALSE	NA	NA	NA	NA	NA	NA
NC_001498.1	8604	A	G	282	26	41	1	0	40	0.00353357	283	0.500885	FALSE	NA	NA	NA	NA	NA	NA
NC_001498.1	8606	A	T	0	0	0	282	26	43	1	282	9.8629e-169	TRUE	NA	NA	NA	NA	NA	NA
NC_001498.1	8613	A	G	0	0	0	280	27	43	1	280	1.57246e-167	TRUE	NA	NA	NA	NA	NA	NA
NC_001498.1	8638	C	T	0	0	0	309	44	46	1	309	5.7309e-185	TRUE	NA	NA	NA	NA	NA	NA
NC_001498.1	8649	A	G	0	0	0	277	54	44	1	277	1.00097e-165	TRUE	NA	NA	NA	NA	NA	NA
NC_001498.1	8650	G	A	0	0	0	278	54	43	1	278	2.50695e-166	TRUE	NA	NA	NA	NA	NA	NA
NC_001498.1	8653	C	T	0	0	0	280	54	44	1	280	1.57246e-167	TRUE	NA	NA	NA	NA	NA	NA
NC_001498.1	8663	G	T	298	65	43	1	1	24	0.00334448	299	0.876255	FALSE	NA	NA	NA	NA	NA	NA
NC_001498.1	8665	T	C	0	0	0	298	69	44	1	298	2.36058e-178	TRUE	NA	NA	NA	NA	NA	NA
NC_001498.1	8713	C	T	324	109	46	1	1	40	0.00307692	325	0.50077	FALSE	NA	NA	NA	NA	NA	NA
NC_001498.1	8719	C	A	313	111	44	1	0	64	0.00318471	314	0.500797	FALSE	NA	NA	NA	NA	NA	NA
NC_001498.1	8725	T	C	0	0	0	306	123	47	1	306	3.64994e-183	TRUE	NA	NA	NA	NA	NA	NA
NC_001498.1	8727	C	A	245	127	40	3	0	29	0.0120968	248	0.501902	FALSE	NA	NA	NA	NA	NA	NA
NC_001498.1	8731	C	T	0	0	0	309	125	47	1	309	5.7309e-185	TRUE	NA	NA	NA	NA	NA	NA
NC_001498.1	8737	A	G	284	129	47	1	0	40	0.00350877	285	0.500879	FALSE	NA	NA	NA	NA	NA	NA
NC_001498.1	8742	G	C	259	132	46	1	0	40	0.00384615	260	0.500963	FALSE	NA	NA	NA	NA	NA	NA
NC_001498.1	8746	G	A	0	0	0	258	144	47	1	258	2.65551e-154	TRUE	NA	NA	NA	NA	NA	NA
NC_001498.1	8761	A	G	265	169	47	1	1	40	0.0037594	266	0.500942	FALSE	NA	NA	NA	NA	NA	NA
NC_001498.1	8768	C	T	0	0	0	266	172	46	1	266	4.11426e-159	TRUE	NA	NA	NA	NA	NA	NA
NC_001498.1	8772	C	+T	345	285	49	1	0	20	0.00289855	345	0.938762	FALSE	NA	NA	NA	NA	NA	NA
NC_001498.1	8785	T	C	0	0	0	349	297	49	1	349	5.03775e-209	TRUE	NA	NA	NA	NA	NA	NA
NC_001498.1	8787	G	T	312	257	43	2	2	24	0.00636943	314	0.814496	FALSE	NA	NA	NA	NA	NA	NA
NC_001498.1	8791	T	G	339	287	50	1	0	32	0.00294118	340	0.500736	FALSE	NA	NA	NA	NA	NA	NA
NC_001498.1	8791	T	+G	339	287	50	1	0	20	0.00294118	340	0.938418	FALSE	NA	NA	NA	NA	NA	NA
NC_001498.1	8792	G	A	335	283	48	1	0	64	0.00297619	336	0.500745	FALSE	NA	NA	NA	NA	NA	NA
NC_001498.1	8803	T	C	0	0	0	331	291	46	1	331	3.37152e-198	TRUE	NA	NA	NA	NA	NA	NA
NC_001498.1	8809	T	C	0	0	0	329	290	46	1	329	5.37812e-197	TRUE	NA	NA	NA	NA	NA	NA
NC_001498.1	8811	T	+G	316	277	45	1	0	20	0.00316456	316	0.938877	FALSE	NA	NA	NA	NA	NA	NA
NC_001498.1	8814	T	G	305	267	45	1	1	40	0.00326797	306	0.500818	FALSE	NA	NA	NA	NA	NA	NA
NC_001498.1	8814	T	+G	305	267	45	176	0	20	0.575163	306	5.86874e-40	TRUE	NA	NA	NA	NA	NA	NA
NC_001498.1	8815	A	G	185	163	45	116	103	44	0.385382	301	1.45211e-41	TRUE	NA	NA	NA	NA	NA	NA
NC_001498.1	8816	A	T	118	104	45	185	163	45	0.610561	303	2.10429e-74	TRUE	NA	NA	NA	NA	NA	NA
NC_001498.1	8819	C	G	300	266	46	1	1	40	0.00332226	301	0.500832	FALSE	NA	NA	NA	NA	NA	NA
NC_001498.1	8824	T	G	285	252	45	1	1	24	0.0034965	286	0.876312	FALSE	NA	NA	NA	NA	NA	NA
NC_001498.1	8826	G	T	248	213	39	1	1	24	0.00401606	249	0.876508	FALSE	NA	NA	NA	NA	NA	NA
NC_001498.1	8830	G	A	0	0	0	289	257	45	1	289	6.09402e-173	TRUE	NA	NA	NA	NA	NA	NA
NC_001498.1	8863	T	C	0	0	0	256	236	44	1	256	4.23233e-153	TRUE	NA	NA	NA	NA	NA	NA
NC_001498.1	8870	G	A	249	229	42	1	1	40	0.004	250	0.501002	FALSE	NA	NA	NA	NA	NA	NA
NC_001498.1	8875	A	G	0	0	0	223	207	44	1	223	2.91489e-133	TRUE	NA	NA	NA	NA	NA	NA
NC_001498.1	8881	T	C	0	0	0	209	198	42	1	209	7.5753e-125	TRUE	NA	NA	NA	NA	NA	NA
NC_001498.1	8893	T	C	0	0	0	202	191	43	1	202	1.2202e-120	TRUE	NA	NA	NA	NA	NA	NA
NC_001498.1	9987	G	A	0	0	0	8	0	40	1	8	0.0001554	TRUE	NA	NA	NA	NA	NA	NA
NC_001498.1	9989	A	T	0	0	0	8	0	38	1	8	0.0001554	TRUE	NA	NA	NA	NA	NA	NA
NC_001498.1	9992	A	G	0	0	0	8	0	40	1	8	0.0001554	TRUE	NA	NA	NA	NA	NA	NA
NC_001498.1	10112	G	T	0	0	0	10	6	42	1	10	1.08251e-05	TRUE	NA	NA	NA	NA	NA	NA
NC_001498.1	10175	T	C	0	0	0	9	5	36	1	9	4.11353e-05	TRUE	NA	NA	NA	NA	NA	NA
NC_001498.1	10187	A	G	0	0	0	6	3	34	1	6	0.0021645	TRUE	NA	NA	NA	NA	NA	NA
NC_001498.1	10232	C	T	0	0	0	10	9	54	1	10	1.08251e-05	TRUE	NA	NA	NA	NA	NA	NA
NC_001498.1	10244	T	C	0	0	0	11	9	54	1	11	2.83514e-06	TRUE	NA	NA	NA	NA	NA	NA
NC_001498.1	10292	C	T	0	0	0	9	7	47	1	9	4.11353e-05	TRUE	NA	NA	NA	NA	NA	NA
NC_001498.1	10313	A	C	8	7	45	1	0	80	0.111111	9	0.529412	FALSE	NA	NA	NA	NA	NA	NA
NC_001498.1	10343	C	T	0	0	0	7	5	43	1	7	0.000582751	TRUE	NA	NA	NA	NA	NA	NA
NC_001498.1	10349	A	-T	7	5	45	1	0	20	0.142857	7	0.571429	FALSE	NA	NA	NA	NA	NA	NA
NC_001498.1	10385	T	A	0	0	0	4	0	40	1	4	0.0285714	FALSE	NA	NA	NA	NA	NA	NA
NC_001498.1	10460	A	G	0	0	0	5	0	40	1	5	0.00793651	TRUE	NA	NA	NA	NA	NA	NA
NC_001498.1	10463	C	G	0	0	0	5	0	40	1	5	0.00793651	TRUE	NA	NA	NA	NA	NA	NA
NC_001498.1	10478	G	A	0	0	0	5	1	44	1	5	0.00793651	TRUE	NA	NA	NA	NA	NA	NA
NC_001498.1	10487	A	T	0	0	0	5	2	48	1	5	0.00793651	TRUE	NA	NA	NA	NA	NA	NA
NC_001498.1	10499	G	A	0	0	0	5	2	48	1	5	0.00793651	TRUE	NA	NA	NA	NA	NA	NA
NC_001498.1	10523	G	A	0	0	0	3	2	53	1	3	0.1	FALSE	NA	NA	NA	NA	NA	NA
NC_001498.1	10555	A	G	0	0	0	2	2	40	1	2	0.333333	FALSE	NA	NA	NA	NA	NA	NA
NC_001498.1	10559	A	C	0	0	0	2	2	40	1	2	0.333333	FALSE	NA	NA	NA	NA	NA	NA
NC_001498.1	10573	G	A	0	0	0	3	3	53	1	3	0.1	FALSE	NA	NA	NA	NA	NA	NA
NC_001498.1	10583	T	C	0	0	0	3	3	53	1	3	0.1	FALSE	NA	NA	NA	NA	NA	NA
NC_001498.1	10604	C	T	0	0	0	6	6	46	1	6	0.0021645	TRUE	NA	NA	NA	NA	NA	NA
NC_001498.1	10607	T	G	5	5	48	1	1	24	0.166667	6	0.545455	FALSE	NA	NA	NA	NA	NA	NA
NC_001498.1	10631	C	T	0	0	0	5	5	44	1	5	0.00793651	TRUE	NA	NA	NA	NA	NA	NA
NC_001498.1	10697	T	C	0	0	0	4	4	50	1	4	0.0285714	FALSE	NA	NA	NA	NA	NA	NA
NC_001498.1	10703	C	A	860	91	36	2	0	24	0.00232019	862	0.989486	FALSE	NA	NA	NA	NA	NA	NA
NC_001498.1	10706	G	A	0	0	0	943	98	41	1	943	0	TRUE	NA	NA	NA	NA	NA	NA
NC_001498.1	10712	C	T	979	108	41	1	0	40	0.00102041	980	0.500255	FALSE	NA	NA	NA	NA	NA	NA
NC_001498.1	10717	C	A	1043	118	41	1	0	24	0.000957854	1044	0.999527	FALSE	NA	NA	NA	NA	NA	NA
NC_001498.1	10718	A	C	0	0	0	1055	122	42	1	1055	0	TRUE	NA	NA	NA	NA	NA	NA
NC_001498.1	10719	C	A	980	122	37	3	0	29	0.00305188	983	0.98108	FALSE	NA	NA	NA	NA	NA	NA
NC_001498.1	10743	A	C	1291	138	40	1	0	24	0.000773994	1292	0.999882	FALSE	NA	NA	NA	NA	NA	NA
NC_001498.1	10749	T	+C	1516	144	42	1	0	20	0.000659631	1516	0.999985	FALSE	NA	NA	NA	NA	NA	NA
NC_001498.1	10751	G	T	1515	145	42	1	0	24	0.000659631	1516	0.999985	FALSE	NA	NA	NA	NA	NA	NA
NC_001498.1	10752	A	C	1539	145	42	1	0	40	0.000649351	1540	0.500162	FALSE	NA	NA	NA	NA	NA	NA
NC_001498.1	10759	A	C	1755	161	42	1	0	40	0.000569476	1756	0.500142	FALSE	NA	NA	NA	NA	NA	NA
NC_001498.1	10760	C	A	1744	160	40	1	0	24	0.000573066	1745	0.999996	FALSE	NA	NA	NA	NA	NA	NA
NC_001498.1	10763	A	C	1838	161	42	1	0	24	0.000543774	1839	0.999998	FALSE	NA	NA	NA	NA	NA	NA
NC_001498.1	10763	A	+C	1838	161	42	1	0	20	0.000543774	1839	0.999998	FALSE	NA	NA	NA	NA	NA	NA
NC_001498.1	10773	A	C	2026	162	41	1	0	40	0.00049334	2027	0.500123	FALSE	NA	NA	NA	NA	NA	NA
NC_001498.1	10774	T	C	2032	163	42	1	0	24	0.000491884	2033	1	FALSE	NA	NA	NA	NA	NA	NA
NC_001498.1	10784	C	T	1	1	40	2222	159	42	0.99955	2223	0	TRUE	NA	NA	NA	NA	NA	NA
NC_001498.1	10784	C	+T	1	1	40	1	0	20	0.000449843	2223	0.0205811	FALSE	NA	NA	NA	NA	NA	NA
NC_001498.1	10787	A	G	0	0	0	2243	151	42	1	2243	0	TRUE	NA	NA	NA	NA	NA	NA
NC_001498.1	10793	A	C	2333	164	42	2	0	32	0.000856531	2335	0.687741	FALSE	NA	NA	NA	NA	NA	NA
NC_001498.1	10795	C	+T	2393	165	42	1	0	20	0.000417885	2393	1	FALSE	NA	NA	NA	NA	NA	NA
NC_001498.1	10796	C	T	1	0	40	2388	174	42	0.999163	2390	0	TRUE	NA	NA	NA	NA	NA	NA
NC_001498.1	10796	C	G	1	0	40	1	0	40	0.00041841	2390	0.00083647	TRUE	NA	NA	NA	NA	NA	NA
NC_001498.1	10796	C	+T	1	0	40	1	0	20	0.00041841	2390	0.0199787	FALSE	NA	NA	NA	NA	NA	NA
NC_001498.1	10798	A	C	2329	176	40	1	0	24	0.000429185	2330	1	FALSE	NA	NA	NA	NA	NA	NA
NC_001498.1	10802	C	A	2291	167	36	1	0	40	0.0004363	2292	0.500109	FALSE	NA	NA	NA	NA	NA	NA
NC_001498.1	10813	A	C	2559	195	43	1	0	24	0.000390625	2560	1	FALSE	NA	NA	NA	NA	NA	NA
NC_001498.1	10814	G	+C	2582	195	43	1	0	20	0.000387297	2582	1	FALSE	NA	NA	NA	NA	NA	NA
NC_001498.1	10817	C	+A	2566	204	43	1	0	20	0.000389712	2566	1	FALSE	NA	NA	NA	NA	NA	NA
NC_001498.1	10820	C	A	2532	204	43	1	0	24	0.000394789	2533	1	FALSE	NA	NA	NA	NA	NA	NA
NC_001498.1	10821	C	T	1	0	24	2170	221	42	0.999539	2171	0	TRUE	NA	NA	NA	NA	NA	NA
NC_001498.1	10826	T	C	1	0	40	2157	223	42	0.999537	2158	0	TRUE	NA	NA	NA	NA	NA	NA
NC_001498.1	10829	C	T	0	0	0	2168	224	43	0.999539	2169	0	TRUE	NA	NA	NA	NA	NA	NA
NC_001498.1	10829	C	G	0	0	0	1	1	24	0.000461042	2169	0.0101429	FALSE	NA	NA	NA	NA	NA	NA
NC_001498.1	10830	A	G	2159	225	42	1	0	24	0.000462963	2160	1	FALSE	NA	NA	NA	NA	NA	NA
NC_001498.1	10832	C	T	1	0	24	2132	198	42	0.999531	2133	0	TRUE	NA	NA	NA	NA	NA	NA
NC_001498.1	10832	C	+T	1	0	24	1	0	20	0.000468823	2133	0.0205171	FALSE	NA	NA	NA	NA	NA	NA
NC_001498.1	10835	G	T	2137	202	42	1	1	24	0.000467727	2138	1	FALSE	NA	NA	NA	NA	NA	NA
NC_001498.1	10836	A	G	2132	208	42	1	0	40	0.000468823	2133	0.500117	FALSE	NA	NA	NA	NA	NA	NA
NC_001498.1	10837	A	+G	2140	207	42	1	0	20	0.00046729	2140	1	FALSE	NA	NA	NA	NA	NA	NA
NC_001498.1	10838	A	G	0	0	0	2140	208	42	1	2140	0	TRUE	NA	NA	NA	NA	NA	NA
NC_001498.1	10840	A	C	2147	233	42	1	0	24	0.000465549	2148	1	FALSE	NA	NA	NA	NA	NA	NA
NC_001498.1	10841	A	G	0	0	0	2177	234	43	1	2177	0	TRUE	NA	NA	NA	NA	NA	NA
NC_001498.1	10842	A	G	2467	370	44	1	0	40	0.000405186	2468	0.500101	FALSE	NA	NA	NA	NA	NA	NA
NC_001498.1	10845	G	C	2538	441	46	1	0	40	0.000393856	2539	0.500098	FALSE	NA	NA	NA	NA	NA	NA
NC_001498.1	10846	A	G	2560	505	47	1	0	40	0.000390472	2561	0.500098	FALSE	NA	NA	NA	NA	NA	NA
NC_001498.1	10849	T	C	2568	513	47	1	0	40	0.000389257	2569	0.500097	FALSE	NA	NA	NA	NA	NA	NA
NC_001498.1	10852	A	T	2450	580	46	2	2	40	0.000815661	2452	0.250051	FALSE	NA	NA	NA	NA	NA	NA
NC_001498.1	10856	A	C	2488	645	47	1	0	24	0.000401768	2489	1	FALSE	NA	NA	NA	NA	NA	NA
NC_001498.1	10864	G	T	2541	755	48	1	0	40	0.000393391	2542	0.500098	FALSE	NA	NA	NA	NA	NA	NA
NC_001498.1	10865	A	G	0	0	0	2552	771	48	1	2552	0	TRUE	NA	NA	NA	NA	NA	NA
NC_001498.1	10866	C	+T	2523	775	48	1	0	20	0.000396354	2523	1	FALSE	NA	NA	NA	NA	NA	NA
NC_001498.1	10870	T	G	2528	798	48	1	0	40	0.000395413	2529	0.500099	FALSE	NA	NA	NA	NA	NA	NA
NC_001498.1	10871	C	T	1	0	40	2522	794	48	0.999604	2523	0	TRUE	NA	NA	NA	NA	NA	NA
NC_001498.1	10872	G	C	2528	798	49	1	0	40	0.000395413	2529	0.500099	FALSE	NA	NA	NA	NA	NA	NA
NC_001498.1	10874	T	C	2448	775	47	1	0	24	0.00040833	2449	1	FALSE	NA	NA	NA	NA	NA	NA
NC_001498.1	10876	A	C	2473	834	48	1	0	40	0.000404204	2474	0.500101	FALSE	NA	NA	NA	NA	NA	NA
NC_001498.1	10878	A	G	2458	851	48	2	0	32	0.000813008	2460	0.687729	FALSE	NA	NA	NA	NA	NA	NA
NC_001498.1	10879	T	G	2462	858	48	1	1	24	0.000405844	2464	1	FALSE	NA	NA	NA	NA	NA	NA
NC_001498.1	10879	T	C	2462	858	48	1	0	24	0.000405844	2464	1	FALSE	NA	NA	NA	NA	NA	NA
NC_001498.1	10881	A	C	2476	878	48	1	0	40	0.000403714	2477	0.500101	FALSE	NA	NA	NA	NA	NA	NA
NC_001498.1	10881	A	+G	2476	878	48	1	0	20	0.000403714	2477	1	FALSE	NA	NA	NA	NA	NA	NA
NC_001498.1	10883	T	C	2470	881	48	1	1	48	0.000404694	2471	0.500101	FALSE	NA	NA	NA	NA	NA	NA
NC_001498.1	10885	A	C	2470	889	47	1	0	24	0.000404694	2471	1	FALSE	NA	NA	NA	NA	NA	NA
NC_001498.1	10887	A	C	2490	894	48	1	0	40	0.000401445	2491	0.5001	FALSE	NA	NA	NA	NA	NA	NA
NC_001498.1	10893	A	C	2466	906	47	1	0	40	0.000405351	2467	0.500101	FALSE	NA	NA	NA	NA	NA	NA
NC_001498.1	10894	G	T	2497	910	47	1	0	40	0.00040032	2498	0.5001	FALSE	NA	NA	NA	NA	NA	NA
NC_001498.1	10894	G	+C	2497	910	47	1	0	20	0.00040032	2498	1	FALSE	NA	NA	NA	NA	NA	NA
NC_001498.1	10895	G	C	2	0	52	1	0	40	0.000402414	2485	0.00120627	TRUE	NA	NA	NA	NA	NA	NA
NC_001498.1	10895	G	A	2	0	52	2482	906	47	0.998793	2485	0	TRUE	NA	NA	NA	NA	NA	NA
NC_001498.1	10897	C	T	2390	925	47	1	0	24	0.000418235	2391	1	FALSE	NA	NA	NA	NA	NA	NA
NC_001498.1	10898	A	G	2377	911	47	1	1	40	0.000420521	2378	0.500105	FALSE	NA	NA	NA	NA	NA	NA
NC_001498.1	10902	C	T	2336	985	44	1	0	40	0.000427533	2339	0.499893	FALSE	NA	NA	NA	NA	NA	NA
NC_001498.1	10902	C	A	2336	985	44	2	0	24	0.000855066	2339	0.999999	FALSE	NA	NA	NA	NA	NA	NA
NC_001498.1	10903	A	G	2391	962	47	2	1	40	0.000835771	2393	0.250052	FALSE	NA	NA	NA	NA	NA	NA
NC_001498.1	10904	A	G	1	0	40	2368	996	48	0.999578	2369	0	TRUE	NA	NA	NA	NA	NA	NA
NC_001498.1	10906	T	G	2337	980	47	3	3	24	0.00128205	2340	0.999995	FALSE	NA	NA	NA	NA	NA	NA
NC_001498.1	10910	C	T	0	0	0	2290	1063	47	0.999564	2291	0	TRUE	NA	NA	NA	NA	NA	NA
NC_001498.1	10910	C	G	0	0	0	1	1	24	0.000436491	2291	0.0100393	FALSE	NA	NA	NA	NA	NA	NA
NC_001498.1	10913	T	G	2189	1019	46	3	3	24	0.00136861	2192	0.999983	FALSE	NA	NA	NA	NA	NA	NA
NC_001498.1	10914	G	+C	2305	1146	48	1	0	20	0.000433839	2305	1	FALSE	NA	NA	NA	NA	NA	NA
NC_001498.1	10919	T	C	2309	1219	48	1	0	40	0.0004329	2310	0.500108	FALSE	NA	NA	NA	NA	NA	NA
NC_001498.1	10921	T	G	2179	1116	46	2	2	24	0.000917011	2181	0.999997	FALSE	NA	NA	NA	NA	NA	NA
NC_001498.1	10922	A	G	2298	1243	48	1	0	40	0.000434783	2300	0.5	FALSE	NA	NA	NA	NA	NA	NA
NC_001498.1	10922	A	C	2298	1243	48	1	0	24	0.000434783	2300	1	FALSE	NA	NA	NA	NA	NA	NA
NC_001498.1	10923	A	C	2278	1225	47	1	0	32	0.000438789	2279	0.875165	FALSE	NA	NA	NA	NA	NA	NA
NC_001498.1	10928	A	C	2229	1335	47	1	0	32	0.00044843	2230	0.875168	FALSE	NA	NA	NA	NA	NA	NA
NC_001498.1	10929	A	C	2208	1327	46	1	1	24	0.000452694	2209	1	FALSE	NA	NA	NA	NA	NA	NA
NC_001498.1	10930	A	C	2195	1315	45	1	0	32	0.000455373	2196	0.875171	FALSE	NA	NA	NA	NA	NA	NA
NC_001498.1	10930	A	+CC	2195	1315	45	1	0	20	0.000455373	2196	1	FALSE	NA	NA	NA	NA	NA	NA
NC_001498.1	10931	C	G	2156	1273	45	1	1	24	0.000463607	2157	1	FALSE	NA	NA	NA	NA	NA	NA
NC_001498.1	10932	G	T	2185	1304	45	1	1	24	0.000457457	2186	1	FALSE	NA	NA	NA	NA	NA	NA
NC_001498.1	10935	A	+G	2169	1325	45	1	0	20	0.000461042	2169	1	FALSE	NA	NA	NA	NA	NA	NA
NC_001498.1	10937	T	C	2187	1342	46	1	0	32	0.000457038	2188	0.875171	FALSE	NA	NA	NA	NA	NA	NA
NC_001498.1	10938	G	T	2206	1378	44	1	0	40	0.000452899	2208	0.5	FALSE	NA	NA	NA	NA	NA	NA
NC_001498.1	10938	G	C	2206	1378	44	1	1	40	0.000452899	2208	0.5	FALSE	NA	NA	NA	NA	NA	NA
NC_001498.1	10939	G	A	2250	1430	47	1	0	40	0.000444247	2251	0.500111	FALSE	NA	NA	NA	NA	NA	NA
NC_001498.1	10942	A	G	2221	1420	47	1	1	40	0.000450045	2222	0.500113	FALSE	NA	NA	NA	NA	NA	NA
NC_001498.1	10943	G	A	0	0	0	2222	1507	46	1	2222	0	TRUE	NA	NA	NA	NA	NA	NA
NC_001498.1	10944	T	G	2216	1501	46	1	1	40	0.00045106	2217	0.500113	FALSE	NA	NA	NA	NA	NA	NA
NC_001498.1	10947	T	G	2239	1558	47	1	1	24	0.000446429	2240	1	FALSE	NA	NA	NA	NA	NA	NA
NC_001498.1	10949	T	G	2055	1378	44	5	5	24	0.00242601	2061	0.99956	FALSE	NA	NA	NA	NA	NA	NA
NC_001498.1	10949	T	C	2055	1378	44	1	1	40	0.000485201	2061	0.499514	FALSE	NA	NA	NA	NA	NA	NA
NC_001498.1	10950	A	G	2329	1688	47	1	0	40	0.000429185	2330	0.500107	FALSE	NA	NA	NA	NA	NA	NA
NC_001498.1	10951	A	T	2279	1646	46	3	3	29	0.00131464	2282	0.999991	FALSE	NA	NA	NA	NA	NA	NA
NC_001498.1	10962	A	T	2702	2277	46	1	1	40	0.000369959	2703	0.500093	FALSE	NA	NA	NA	NA	NA	NA
NC_001498.1	10965	G	+C	2709	2314	47	1	0	20	0.00036914	2709	1	FALSE	NA	NA	NA	NA	NA	NA
NC_001498.1	10967	C	A	2617	2227	43	1	0	40	0.000381971	2618	0.500096	FALSE	NA	NA	NA	NA	NA	NA
NC_001498.1	10971	G	A	2779	2396	48	1	1	40	0.000359712	2780	0.50009	FALSE	NA	NA	NA	NA	NA	NA
NC_001498.1	10973	T	G	2277	1887	44	10	10	24	0.00437254	2287	0.990214	FALSE	NA	NA	NA	NA	NA	NA
NC_001498.1	10976	G	A	0	0	0	2635	2362	45	1	2635	0	TRUE	NA	NA	NA	NA	NA	NA
NC_001498.1	10979	C	T	0	0	0	2385	2105	42	0.996657	2393	0	TRUE	NA	NA	NA	NA	NA	NA
NC_001498.1	10979	C	G	0	0	0	8	8	26	0.00334308	2393	2.92354e-16	TRUE	NA	NA	NA	NA	NA	NA
NC_001498.1	10980	G	+C	2623	2350	45	1	0	20	0.000381243	2623	1	FALSE	NA	NA	NA	NA	NA	NA
NC_001498.1	10987	C	T	2570	2337	43	1	1	24	0.000388954	2571	1	FALSE	NA	NA	NA	NA	NA	NA
NC_001498.1	10988	T	G	2252	2013	38	13	13	27	0.00573951	2265	0.955974	FALSE	NA	NA	NA	NA	NA	NA
NC_001498.1	10989	A	T	2593	2363	45	1	1	24	0.000385505	2594	1	FALSE	NA	NA	NA	NA	NA	NA
NC_001498.1	10990	A	G	2551	2323	43	1	1	40	0.00039185	2552	0.500098	FALSE	NA	NA	NA	NA	NA	NA
NC_001498.1	10992	G	A	2501	2282	41	2	2	32	0.000799041	2503	0.687725	FALSE	NA	NA	NA	NA	NA	NA
NC_001498.1	10994	A	G	2479	2269	45	1	1	24	0.000403226	2480	1	FALSE	NA	NA	NA	NA	NA	NA
NC_001498.1	10996	T	C	2377	2178	44	2	2	40	0.000840689	2379	0.250053	FALSE	NA	NA	NA	NA	NA	NA
NC_001498.1	11001	A	G	2335	2150	45	1	1	24	0.000428082	2336	1	FALSE	NA	NA	NA	NA	NA	NA
NC_001498.1	11001	A	+G	2335	2150	45	1	0	20	0.000428082	2336	1	FALSE	NA	NA	NA	NA	NA	NA
NC_001498.1	11006	G	A	3	3	40	2226	2057	44	0.998654	2229	0	TRUE	NA	NA	NA	NA	NA	NA
NC_001498.1	11008	C	T	2218	2065	44	1	1	40	0.000450653	2219	0.500113	FALSE	NA	NA	NA	NA	NA	NA
NC_001498.1	11011	T	G	2013	1867	44	1	1	24	0.000496524	2014	1	FALSE	NA	NA	NA	NA	NA	NA
NC_001498.1	11012	C	G	2015	1869	44	1	1	40	0.000496032	2016	0.500124	FALSE	NA	NA	NA	NA	NA	NA
NC_001498.1	11012	C	+G	2015	1869	44	1	0	20	0.000496032	2016	1	FALSE	NA	NA	NA	NA	NA	NA
NC_001498.1	11019	G	A	1	1	24	1941	1803	44	0.999485	1942	0	TRUE	NA	NA	NA	NA	NA	NA
NC_001498.1	11020	T	+C	1933	1795	44	1	0	20	0.000517331	1933	0.999999	FALSE	NA	NA	NA	NA	NA	NA
NC_001498.1	11021	C	A	1936	1799	44	2	2	40	0.00103199	1938	0.250065	FALSE	NA	NA	NA	NA	NA	NA
NC_001498.1	11023	C	T	1924	1792	43	1	1	24	0.000519481	1925	0.999999	FALSE	NA	NA	NA	NA	NA	NA
NC_001498.1	11024	C	G	1923	1790	44	1	1	40	0.000519751	1924	0.50013	FALSE	NA	NA	NA	NA	NA	NA
NC_001498.1	11025	A	+C	1922	1790	44	1	0	20	0.000520291	1922	0.999999	FALSE	NA	NA	NA	NA	NA	NA
NC_001498.1	11027	A	G	1917	1788	44	1	0	32	0.000521376	1918	0.750196	FALSE	NA	NA	NA	NA	NA	NA
NC_001498.1	11028	G	A	1913	1781	44	1	1	24	0.000522466	1914	0.999999	FALSE	NA	NA	NA	NA	NA	NA
NC_001498.1	11031	C	G	1863	1736	44	1	1	24	0.000536481	1864	0.999998	FALSE	NA	NA	NA	NA	NA	NA
NC_001498.1	11032	T	G	1831	1704	44	1	1	24	0.000545852	1832	0.999998	FALSE	NA	NA	NA	NA	NA	NA
NC_001498.1	11032	T	+C	1831	1704	44	1	0	20	0.000545852	1832	0.999998	FALSE	NA	NA	NA	NA	NA	NA
NC_001498.1	11038	A	+G	1847	1732	44	1	0	20	0.000541419	1847	0.999998	FALSE	NA	NA	NA	NA	NA	NA
NC_001498.1	11040	A	G	1842	1734	43	1	1	40	0.000542594	1843	0.500136	FALSE	NA	NA	NA	NA	NA	NA
NC_001498.1	11044	A	G	1837	1730	43	1	1	40	0.00054407	1838	0.500136	FALSE	NA	NA	NA	NA	NA	NA
NC_001498.1	11044	A	+C	1837	1730	43	1	0	20	0.00054407	1838	0.999998	FALSE	NA	NA	NA	NA	NA	NA
NC_001498.1	11047	G	+A	1811	1714	42	1	0	20	0.000552181	1811	0.999998	FALSE	NA	NA	NA	NA	NA	NA
NC_001498.1	11048	G	A	1	1	40	1799	1708	43	0.999444	1800	0	TRUE	NA	NA	NA	NA	NA	NA
NC_001498.1	11051	G	T	1686	1613	41	1	1	24	0.000592768	1687	0.999993	FALSE	NA	NA	NA	NA	NA	NA
NC_001498.1	11058	G	+C	1607	1539	42	1	0	20	0.000622278	1607	0.999993	FALSE	NA	NA	NA	NA	NA	NA
NC_001498.1	11060	C	A	1591	1529	42	1	1	24	0.000628141	1592	0.999985	FALSE	NA	NA	NA	NA	NA	NA
NC_001498.1	11065	A	G	1562	1505	42	1	1	40	0.000639795	1563	0.50016	FALSE	NA	NA	NA	NA	NA	NA
NC_001498.1	11066	A	G	1564	1507	42	1	1	24	0.000638978	1565	0.999985	FALSE	NA	NA	NA	NA	NA	NA
NC_001498.1	11078	A	G	1425	1375	42	1	1	40	0.000701262	1426	0.500175	FALSE	NA	NA	NA	NA	NA	NA
NC_001498.1	11080	G	A	0	0	0	1331	1286	41	1	1331	0	TRUE	NA	NA	NA	NA	NA	NA
NC_001498.1	11082	C	T	0	0	0	1322	1277	41	1	1322	0	TRUE	NA	NA	NA	NA	NA	NA
NC_001498.1	11087	C	T	0	0	0	1314	1269	41	1	1314	0	TRUE	NA	NA	NA	NA	NA	NA
NC_001498.1	11345	C	T	0	0	0	14	0	40	1	14	4.98547e-08	TRUE	NA	NA	NA	NA	NA	NA
NC_001498.1	11348	C	G	0	0	0	15	0	40	1	15	1.28935e-08	TRUE	NA	NA	NA	NA	NA	NA
NC_001498.1	11360	C	T	0	0	0	15	0	40	1	15	1.28935e-08	TRUE	NA	NA	NA	NA	NA	NA
NC_001498.1	11375	C	T	0	0	0	15	0	38	1	15	1.28935e-08	TRUE	NA	NA	NA	NA	NA	NA
NC_001498.1	11378	C	T	0	0	0	16	0	40	1	16	3.32734e-09	TRUE	NA	NA	NA	NA	NA	NA
NC_001498.1	11387	C	A	17	0	37	1	0	40	0.0555556	18	0.514286	FALSE	NA	NA	NA	NA	NA	NA
NC_001498.1	11391	G	A	0	0	0	18	0	40	1	18	2.20382e-10	TRUE	NA	NA	NA	NA	NA	NA
NC_001498.1	11411	C	T	0	0	0	23	3	41	1	23	2.42912e-13	TRUE	NA	NA	NA	NA	NA	NA
NC_001498.1	11414	T	C	0	0	0	23	3	41	1	23	2.42912e-13	TRUE	NA	NA	NA	NA	NA	NA
NC_001498.1	11429	C	T	0	0	0	24	3	41	1	24	6.20201e-14	TRUE	NA	NA	NA	NA	NA	NA
NC_001498.1	11456	G	A	0	0	0	26	4	39	1	26	4.03292e-15	TRUE	NA	NA	NA	NA	NA	NA
NC_001498.1	11495	C	T	0	0	0	15	4	43	1	15	1.28935e-08	TRUE	NA	NA	NA	NA	NA	NA
NC_001498.1	11522	G	A	0	0	0	14	4	43	1	14	4.98547e-08	TRUE	NA	NA	NA	NA	NA	NA
NC_001498.1	11543	G	T	0	0	0	14	6	45	1	14	4.98547e-08	TRUE	NA	NA	NA	NA	NA	NA
NC_001498.1	11546	A	G	0	0	0	12	5	43	1	12	7.39602e-07	TRUE	NA	NA	NA	NA	NA	NA
NC_001498.1	11606	T	C	0	0	0	26	24	42	1	26	4.03292e-15	TRUE	NA	NA	NA	NA	NA	NA
NC_001498.1	11639	T	C	0	0	0	26	24	42	1	26	4.03292e-15	TRUE	NA	NA	NA	NA	NA	NA
NC_001498.1	11646	G	A	22	21	41	4	4	40	0.153846	26	0.0598239	FALSE	NA	NA	NA	NA	NA	NA
NC_001498.1	11678	C	T	0	0	0	21	21	39	0.954545	22	1.85785e-12	TRUE	NA	NA	NA	NA	NA	NA
NC_001498.1	11678	C	A	0	0	0	1	1	40	0.0454545	22	0.0454545	FALSE	NA	NA	NA	NA	NA	NA
NC_001498.1	11705	T	C	0	0	0	15	15	40	1	15	1.28935e-08	TRUE	NA	NA	NA	NA	NA	NA
NC_001498.1	12583	T	G	589	46	40	2	0	40	0.00337838	592	0.249788	FALSE	NA	NA	NA	NA	NA	NA
NC_001498.1	12583	T	C	589	46	40	1	0	40	0.00168919	592	0.499577	FALSE	NA	NA	NA	NA	NA	NA
NC_001498.1	12584	A	T	591	44	39	1	1	24	0.00168634	593	0.984573	FALSE	NA	NA	NA	NA	NA	NA
NC_001498.1	12584	A	G	591	44	39	1	1	40	0.00168634	593	0.5	FALSE	NA	NA	NA	NA	NA	NA
NC_001498.1	12593	A	C	624	49	39	1	0	24	0.0016	625	0.992362	FALSE	NA	NA	NA	NA	NA	NA
NC_001498.1	12598	A	G	0	0	0	644	49	40	1	644	0	TRUE	NA	NA	NA	NA	NA	NA
NC_001498.1	12607	T	C	1	0	40	657	53	40	0.99848	658	0	TRUE	NA	NA	NA	NA	NA	NA
NC_001498.1	12609	C	A	659	54	41	2	0	40	0.00302572	661	0.250189	FALSE	NA	NA	NA	NA	NA	NA
NC_001498.1	12619	A	C	702	61	41	1	1	32	0.00142248	703	0.500356	FALSE	NA	NA	NA	NA	NA	NA
NC_001498.1	12620	A	C	704	62	41	1	0	24	0.00141844	705	0.996193	FALSE	NA	NA	NA	NA	NA	NA
NC_001498.1	12620	A	+C	704	62	41	1	0	20	0.00141844	705	0.996193	FALSE	NA	NA	NA	NA	NA	NA
NC_001498.1	12637	A	C	809	74	42	1	0	24	0.00123457	810	0.998101	FALSE	NA	NA	NA	NA	NA	NA
NC_001498.1	12638	G	A	0	0	0	819	76	42	1	819	0	TRUE	NA	NA	NA	NA	NA	NA
NC_001498.1	12642	G	C	829	78	42	1	0	40	0.00120482	830	0.500301	FALSE	NA	NA	NA	NA	NA	NA
NC_001498.1	12644	T	G	0	0	0	835	79	42	1	835	0	TRUE	NA	NA	NA	NA	NA	NA
NC_001498.1	12648	G	A	850	90	43	1	1	80	0.00117509	851	0.500294	FALSE	NA	NA	NA	NA	NA	NA
NC_001498.1	12650	C	T	0	0	0	856	92	43	1	856	0	TRUE	NA	NA	NA	NA	NA	NA
NC_001498.1	12653	A	C	855	89	43	1	0	24	0.00116822	856	0.998098	FALSE	NA	NA	NA	NA	NA	NA
NC_001498.1	12670	C	T	932	95	44	1	1	80	0.00107181	933	0.500268	FALSE	NA	NA	NA	NA	NA	NA
NC_001498.1	12671	A	G	0	0	0	933	96	44	1	933	0	TRUE	NA	NA	NA	NA	NA	NA
NC_001498.1	12674	A	G	1	0	24	959	97	44	0.998958	960	0	TRUE	NA	NA	NA	NA	NA	NA
NC_001498.1	12675	C	A	954	97	44	4	2	40	0.00417537	958	0.0624346	FALSE	NA	NA	NA	NA	NA	NA
NC_001498.1	12680	T	C	0	0	0	967	119	42	1	967	0	TRUE	NA	NA	NA	NA	NA	NA
NC_001498.1	12689	G	A	989	129	46	1	0	40	0.0010101	990	0.500253	FALSE	NA	NA	NA	NA	NA	NA
NC_001498.1	12691	C	A	985	137	46	1	0	24	0.0010142	986	0.99905	FALSE	NA	NA	NA	NA	NA	NA
NC_001498.1	12702	C	A	1021	152	46	1	0	24	0.000978474	1022	0.999527	FALSE	NA	NA	NA	NA	NA	NA
NC_001498.1	12706	A	C	1033	174	49	1	0	32	0.000967118	1034	0.750363	FALSE	NA	NA	NA	NA	NA	NA
NC_001498.1	12712	C	A	883	238	45	2	0	24	0.00225989	885	0.98948	FALSE	NA	NA	NA	NA	NA	NA
NC_001498.1	12713	T	C	921	232	49	1	0	40	0.0010846	922	0.500271	FALSE	NA	NA	NA	NA	NA	NA
NC_001498.1	12717	G	T	919	236	49	1	1	24	0.00108696	920	0.999052	FALSE	NA	NA	NA	NA	NA	NA
NC_001498.1	12718	T	A	924	242	49	1	0	40	0.00108108	925	0.50027	FALSE	NA	NA	NA	NA	NA	NA
NC_001498.1	12722	A	C	844	249	46	1	0	24	0.00118343	845	0.998098	FALSE	NA	NA	NA	NA	NA	NA
NC_001498.1	12740	C	T	921	435	48	1	1	40	0.0010846	922	0.500271	FALSE	NA	NA	NA	NA	NA	NA
NC_001498.1	12741	C	A	0	0	0	931	450	48	1	931	0	TRUE	NA	NA	NA	NA	NA	NA
NC_001498.1	12755	T	C	0	0	0	942	495	46	1	942	0	TRUE	NA	NA	NA	NA	NA	NA
NC_001498.1	12756	G	T	757	280	41	7	7	24	0.0091623	764	0.606183	FALSE	NA	NA	NA	NA	NA	NA
NC_001498.1	12762	T	G	1013	577	48	1	1	24	0.000986193	1014	0.999527	FALSE	NA	NA	NA	NA	NA	NA
NC_001498.1	12764	T	G	1014	579	49	1	1	24	0.000985222	1015	0.999527	FALSE	NA	NA	NA	NA	NA	NA
NC_001498.1	12768	A	G	995	582	48	1	0	40	0.00100301	997	0.5	FALSE	NA	NA	NA	NA	NA	NA
NC_001498.1	12768	A	C	995	582	48	1	0	24	0.00100301	997	0.999045	FALSE	NA	NA	NA	NA	NA	NA
NC_001498.1	12769	T	G	992	576	48	1	0	40	0.00100705	993	0.500252	FALSE	NA	NA	NA	NA	NA	NA
NC_001498.1	12770	C	T	1001	588	48	1	0	80	0.000998004	1002	0.50025	FALSE	NA	NA	NA	NA	NA	NA
NC_001498.1	12773	C	T	975	599	47	1	1	80	0.00102459	976	0.500256	FALSE	NA	NA	NA	NA	NA	NA
NC_001498.1	12774	G	C	971	600	47	1	0	32	0.00102881	972	0.500257	FALSE	NA	NA	NA	NA	NA	NA
NC_001498.1	12776	G	A	0	0	0	980	604	48	1	980	0	TRUE	NA	NA	NA	NA	NA	NA
NC_001498.1	12800	G	T	960	640	47	6	3	38	0.00621118	966	0.0155521	FALSE	NA	NA	NA	NA	NA	NA
NC_001498.1	12800	G	+T	960	640	47	899	0	20	0.930642	966	1.99716e-190	TRUE	NA	NA	NA	NA	NA	NA
NC_001498.1	12805	T	+G	983	685	48	1	0	20	0.00101729	983	0.999055	FALSE	NA	NA	NA	NA	NA	NA
NC_001498.1	12805	T	+C	983	685	48	1	0	20	0.00101729	983	0.999055	FALSE	NA	NA	NA	NA	NA	NA
NC_001498.1	12806	T	+G	983	686	48	1	0	20	0.00101729	983	0.999055	FALSE	NA	NA	NA	NA	NA	NA
NC_001498.1	12807	G	T	945	677	48	9	0	36	0.00943396	954	0.00192554	TRUE	NA	NA	NA	NA	NA	NA
NC_001498.1	12808	T	C	946	677	48	1	1	24	0.00105597	947	0.999052	FALSE	NA	NA	NA	NA	NA	NA
NC_001498.1	12810	C	T	963	692	48	1	1	40	0.00103734	964	0.500259	FALSE	NA	NA	NA	NA	NA	NA
NC_001498.1	12812	C	T	984	722	47	1	1	24	0.00101523	985	0.99905	FALSE	NA	NA	NA	NA	NA	NA
NC_001498.1	12815	G	T	1006	757	47	1	1	24	0.000993049	1007	0.999528	FALSE	NA	NA	NA	NA	NA	NA
NC_001498.1	12815	G	+CC	1006	757	47	1	0	20	0.000993049	1007	0.999528	FALSE	NA	NA	NA	NA	NA	NA
NC_001498.1	12818	T	G	1069	863	50	1	1	24	0.000933707	1071	0.999524	FALSE	NA	NA	NA	NA	NA	NA
NC_001498.1	12818	T	C	1069	863	50	1	1	40	0.000933707	1071	0.5	FALSE	NA	NA	NA	NA	NA	NA
NC_001498.1	12833	T	C	1074	917	50	1	1	40	0.000930233	1075	0.500233	FALSE	NA	NA	NA	NA	NA	NA
NC_001498.1	12834	A	+TG	1071	913	50	1	0	20	0.000933707	1071	0.999529	FALSE	NA	NA	NA	NA	NA	NA
NC_001498.1	12840	A	G	1053	908	50	1	1	24	0.000948767	1054	0.999527	FALSE	NA	NA	NA	NA	NA	NA
NC_001498.1	12843	G	T	1013	877	46	1	1	24	0.000986193	1014	0.999527	FALSE	NA	NA	NA	NA	NA	NA
NC_001498.1	12846	A	G	1035	899	50	1	1	80	0.000965251	1036	0.500241	FALSE	NA	NA	NA	NA	NA	NA
NC_001498.1	12847	C	+G	1033	896	50	1	0	20	0.000968054	1033	0.99953	FALSE	NA	NA	NA	NA	NA	NA
NC_001498.1	12856	T	C	951	831	49	1	1	40	0.00104932	953	0.5	FALSE	NA	NA	NA	NA	NA	NA
NC_001498.1	12856	T	A	951	831	49	1	1	40	0.00104932	953	0.5	FALSE	NA	NA	NA	NA	NA	NA
NC_001498.1	12865	C	A	908	818	44	1	0	32	0.00110011	909	0.500275	FALSE	NA	NA	NA	NA	NA	NA
NC_001498.1	12866	A	C	0	0	0	910	814	47	1	910	0	TRUE	NA	NA	NA	NA	NA	NA
NC_001498.1	12871	T	G	898	804	47	1	0	32	0.00111235	899	0.500278	FALSE	NA	NA	NA	NA	NA	NA
NC_001498.1	12881	C	+A	768	696	46	1	0	20	0.00130208	768	0.996205	FALSE	NA	NA	NA	NA	NA	NA
NC_001498.1	12887	T	C	692	632	46	1	1	24	0.001443	693	0.992345	FALSE	NA	NA	NA	NA	NA	NA
NC_001498.1	12889	A	G	678	626	45	1	1	24	0.00147275	679	0.992348	FALSE	NA	NA	NA	NA	NA	NA
NC_001498.1	12894	A	G	650	604	44	1	1	40	0.0015361	651	0.500384	FALSE	NA	NA	NA	NA	NA	NA
NC_001498.1	12895	C	+T	652	606	44	1	0	20	0.00153374	652	0.992395	FALSE	NA	NA	NA	NA	NA	NA
NC_001498.1	12904	A	T	606	563	44	1	1	40	0.00164745	607	0.500412	FALSE	NA	NA	NA	NA	NA	NA
NC_001498.1	12908	C	T	0	0	0	538	503	44	1	538	0	TRUE	NA	NA	NA	NA	NA	NA
NC_001498.1	12913	T	G	516	488	44	1	1	24	0.00193424	517	0.984691	FALSE	NA	NA	NA	NA	NA	NA
NC_001498.1	12914	C	T	0	0	0	516	488	44	0.998066	517	8.75083e-310	TRUE	NA	NA	NA	NA	NA	NA
NC_001498.1	12914	C	G	0	0	0	1	1	24	0.00193424	517	0.0116054	FALSE	NA	NA	NA	NA	NA	NA
NC_001498.1	12915	G	+C	518	491	44	1	0	20	0.0019305	518	0.984779	FALSE	NA	NA	NA	NA	NA	NA
NC_001498.1	12923	C	A	0	0	0	501	477	43	1	501	1.85173e-300	TRUE	NA	NA	NA	NA	NA	NA
NC_001498.1	12928	G	T	493	470	42	1	1	24	0.00202429	494	0.969223	FALSE	NA	NA	NA	NA	NA	NA
NC_001498.1	12930	A	C	0	0	0	466	443	43	1	466	2.10843e-279	TRUE	NA	NA	NA	NA	NA	NA
NC_001498.1	12943	C	T	426	412	42	2	2	40	0.0046729	428	0.250292	FALSE	NA	NA	NA	NA	NA	NA
NC_001498.1	12947	C	T	0	0	0	409	398	41	1	409	4.10263e-245	TRUE	NA	NA	NA	NA	NA	NA
NC_001498.1	12951	A	G	404	393	41	1	1	24	0.00246914	405	0.969327	FALSE	NA	NA	NA	NA	NA	NA
NC_001498.1	13938	G	A	0	0	0	2	0	40	1	2	0.333333	FALSE	NA	NA	NA	NA	NA	NA
NC_001498.1	13964	C	A	0	0	0	2	0	40	1	2	0.333333	FALSE	NA	NA	NA	NA	NA	NA
NC_001498.1	13971	T	C	0	0	0	2	0	40	1	2	0.333333	FALSE	NA	NA	NA	NA	NA	NA
NC_001498.1	13991	A	C	0	0	0	2	0	40	1	2	0.333333	FALSE	NA	NA	NA	NA	NA	NA
NC_001498.1	14018	C	T	0	0	0	2	0	40	1	2	0.333333	FALSE	NA	NA	NA	NA	NA	NA
NC_001498.1	14021	T	C	0	0	0	2	0	40	1	2	0.333333	FALSE	NA	NA	NA	NA	NA	NA
NC_001498.1	14045	C	T	0	0	0	2	0	40	1	2	0.333333	FALSE	NA	NA	NA	NA	NA	NA
NC_001498.1	14078	G	A	0	0	0	1	1	80	1	1	1	FALSE	NA	NA	NA	NA	NA	NA
NC_001498.1	14114	G	A	0	0	0	1	1	80	1	1	1	FALSE	NA	NA	NA	NA	NA	NA
NC_001498.1	14129	G	A	0	0	0	1	1	80	1	1	1	FALSE	NA	NA	NA	NA	NA	NA
NC_001498.1	14135	A	G	0	0	0	1	1	80	1	1	1	FALSE	NA	NA	NA	NA	NA	NA
NC_001498.1	14157	G	A	0	0	0	3	3	53	1	3	0.1	FALSE	NA	NA	NA	NA	NA	NA
NC_001498.1	14159	T	C	0	0	0	3	3	53	1	3	0.1	FALSE	NA	NA	NA	NA	NA	NA
NC_001498.1	14180	G	A	0	0	0	3	3	53	1	3	0.1	FALSE	NA	NA	NA	NA	NA	NA
NC_001498.1	14207	C	T	0	0	0	2	2	40	1	2	0.333333	FALSE	NA	NA	NA	NA	NA	NA
NC_001498.1	14213	T	C	0	0	0	2	2	40	1	2	0.333333	FALSE	NA	NA	NA	NA	NA	NA
NC_001498.1	14243	T	C	0	0	0	2	2	40	1	2	0.333333	FALSE	NA	NA	NA	NA	NA	NA
NC_001498.1	14258	T	G	0	0	0	2	2	32	1	2	0.333333	FALSE	NA	NA	NA	NA	NA	NA
NC_001498.1	14264	A	G	0	0	0	2	2	40	1	2	0.333333	FALSE	NA	NA	NA	NA	NA	NA
NC_001498.1	14267	T	G	0	0	0	2	2	32	1	2	0.333333	FALSE	NA	NA	NA	NA	NA	NA
NC_001498.1	14603	G	A	0	0	0	23	0	40	1	23	2.42912e-13	TRUE	NA	NA	NA	NA	NA	NA
NC_001498.1	14609	T	C	0	0	0	27	0	39	1	27	1.02725e-15	TRUE	NA	NA	NA	NA	NA	NA
NC_001498.1	14619	A	G	0	0	0	31	0	40	1	31	4.29712e-18	TRUE	NA	NA	NA	NA	NA	NA
NC_001498.1	14623	C	A	40	1	43	1	0	24	0.0243902	41	0.506173	FALSE	NA	NA	NA	NA	NA	NA
NC_001498.1	14639	A	T	0	0	0	45	1	44	1	45	1.92627e-26	TRUE	NA	NA	NA	NA	NA	NA
NC_001498.1	14679	A	G	0	0	0	56	4	46	1	56	5.12046e-33	TRUE	NA	NA	NA	NA	NA	NA
NC_001498.1	14687	A	G	57	5	46	1	0	24	0.0172414	58	0.504348	FALSE	NA	NA	NA	NA	NA	NA
NC_001498.1	14714	T	C	0	0	0	62	10	47	1	62	1.31509e-36	TRUE	NA	NA	NA	NA	NA	NA
NC_001498.1	14726	T	C	0	0	0	51	12	53	1	51	5.00489e-30	TRUE	NA	NA	NA	NA	NA	NA
NC_001498.1	14753	A	G	0	0	0	49	19	53	1	49	7.85003e-29	TRUE	NA	NA	NA	NA	NA	NA
NC_001498.1	14756	T	C	0	0	0	49	19	51	1	49	7.85003e-29	TRUE	NA	NA	NA	NA	NA	NA
NC_001498.1	14758	A	G	0	0	0	49	19	53	1	49	7.85003e-29	TRUE	NA	NA	NA	NA	NA	NA
NC_001498.1	14789	C	T	0	0	0	51	31	48	1	51	5.00489e-30	TRUE	NA	NA	NA	NA	NA	NA
NC_001498.1	14811	A	G	0	0	0	50	33	48	1	50	1.98233e-29	TRUE	NA	NA	NA	NA	NA	NA
NC_001498.1	14834	C	T	0	0	0	49	37	45	1	49	7.85003e-29	TRUE	NA	NA	NA	NA	NA	NA
NC_001498.1	14882	G	T	52	47	46	1	0	80	0.0188679	53	0.504762	FALSE	NA	NA	NA	NA	NA	NA
NC_001498.1	14936	A	G	0	0	0	26	22	46	1	26	4.03292e-15	TRUE	NA	NA	NA	NA	NA	NA
NC_001498.1	14948	A	G	0	0	0	26	22	47	1	26	4.03292e-15	TRUE	NA	NA	NA	NA	NA	NA
NC_001498.1	14954	T	G	0	0	0	26	22	47	1	26	4.03292e-15	TRUE	NA	NA	NA	NA	NA	NA
NC_001498.1	15467	A	G	0	0	0	5	0	40	1	5	0.00793651	TRUE	NA	NA	NA	NA	NA	NA
NC_001498.1	15503	T	C	0	0	0	5	0	40	1	5	0.00793651	TRUE	NA	NA	NA	NA	NA	NA
NC_001498.1	15506	G	A	0	0	0	6	0	40	1	6	0.0021645	TRUE	NA	NA	NA	NA	NA	NA
NC_001498.1	15512	A	T	0	0	0	6	2	50	1	6	0.0021645	TRUE	NA	NA	NA	NA	NA	NA
NC_001498.1	15519	G	A	0	0	0	6	2	53	1	6	0.0021645	TRUE	NA	NA	NA	NA	NA	NA
NC_001498.1	15531	A	G	0	0	0	6	2	53	1	6	0.0021645	TRUE	NA	NA	NA	NA	NA	NA
NC_001498.1	15533	T	C	0	0	0	6	2	50	1	6	0.0021645	TRUE	NA	NA	NA	NA	NA	NA
NC_001498.1	15542	T	C	0	0	0	6	2	53	1	6	0.0021645	TRUE	NA	NA	NA	NA	NA	NA
NC_001498.1	15551	T	C	0	0	0	6	2	50	1	6	0.0021645	TRUE	NA	NA	NA	NA	NA	NA
NC_001498.1	15588	C	A	0	0	0	4	2	60	1	4	0.0285714	FALSE	NA	NA	NA	NA	NA	NA
NC_001498.1	15589	G	A	0	0	0	4	2	60	1	4	0.0285714	FALSE	NA	NA	NA	NA	NA	NA
NC_001498.1	15620	A	G	0	0	0	7	5	45	1	7	0.000582751	TRUE	NA	NA	NA	NA	NA	NA
NC_001498.1	15621	G	A	0	0	0	7	5	45	1	7	0.000582751	TRUE	NA	NA	NA	NA	NA	NA
NC_001498.1	15650	T	C	0	0	0	6	4	46	1	6	0.0021645	TRUE	NA	NA	NA	NA	NA	NA
NC_001498.1	15683	T	C	0	0	0	9	5	44	1	9	4.11353e-05	TRUE	NA	NA	NA	NA	NA	NA
NC_001498.1	15684	A	C	0	0	0	9	5	42	1	9	4.11353e-05	TRUE	NA	NA	NA	NA	NA	NA
NC_001498.1	15687	A	T	0	0	0	9	5	44	1	9	4.11353e-05	TRUE	NA	NA	NA	NA	NA	NA
NC_001498.1	15696	T	C	0	0	0	9	5	44	1	9	4.11353e-05	TRUE	NA	NA	NA	NA	NA	NA
NC_001498.1	15698	A	G	0	0	0	9	5	44	1	9	4.11353e-05	TRUE	NA	NA	NA	NA	NA	NA
NC_001498.1	15713	T	C	0	0	0	8	5	40	1	8	0.0001554	TRUE	NA	NA	NA	NA	NA	NA
NC_001498.1	15734	G	A	8	5	45	1	1	40	0.111111	9	0.529412	FALSE	NA	NA	NA	NA	NA	NA
NC_001498.1	15749	C	T	0	0	0	6	3	46	1	6	0.0021645	TRUE	NA	NA	NA	NA	NA	NA
NC_001498.1	15756	G	C	0	0	0	6	3	46	1	6	0.0021645	TRUE	NA	NA	NA	NA	NA	NA
NC_001498.1	15767	C	T	0	0	0	6	3	46	1	6	0.0021645	TRUE	NA	NA	NA	NA	NA	NA
NC_001498.1	15782	T	C	0	0	0	5	3	44	1	5	0.00793651	TRUE	NA	NA	NA	NA	NA	NA
NC_001498.1	15785	A	G	0	0	0	5	3	48	1	5	0.00793651	TRUE	NA	NA	NA	NA	NA	NA
NC_001498.1	15786	T	A	0	0	0	5	3	48	1	5	0.00793651	TRUE	NA	NA	NA	NA	NA	NA
NC_001498.1	15809	T	C	0	0	0	2	2	40	1	2	0.333333	FALSE	NA	NA	NA	NA	NA	NA
NC_001498.1	15813	G	T	0	0	0	2	2	40	1	2	0.333333	FALSE	NA	NA	NA	NA	NA	NA
NC_001498.1	15817	T	A	0	0	0	2	2	40	1	2	0.333333	FALSE	NA	NA	NA	NA	NA	NA
NC_001498.1	15818	A	G	0	0	0	2	2	40	1	2	0.333333	FALSE	NA	NA	NA	NA	NA	NA
